pert,target_var,pct_change,status,knockdown_ok
AAAS,AAAS,-89.77549743652344,ok,True
AAMP,AAMP,-75.24465942382812,ok,True
AARS,AARS,-91.45097351074219,ok,True
AARS2,AARS2,-95.11024475097656,ok,True
AASDHPPT,AASDHPPT,-81.50470733642578,ok,True
AATF,AATF,-89.21751403808594,ok,True
ABCB7,ABCB7,-93.60321807861328,ok,True
ABCB10,ABCB10,-24.729066848754883,ok,False
ABCE1,ABCE1,-82.9287338256836,ok,True
ABCF1,ABCF1,-57.58952713012695,ok,True
ABCG1,,,target_not_measured,False
ABHD11,ABHD11,-100.0,ok,True
ABHD17A,ABHD17A,-70.46137237548828,ok,True
ABT1,ABT1,-86.41223907470703,ok,True
ACD,ACD,-81.3991928100586,ok,True
ACIN1,ACIN1,-39.71980667114258,ok,True
ACOT12,,,target_not_measured,False
ACTB,ACTB,-63.000755310058594,ok,True
ACTL6A,ACTL6A,-82.87623596191406,ok,True
ACTR1A,ACTR1A,-36.569252014160156,ok,True
ACTR1B,ACTR1B,-84.73226165771484,ok,True
ACTR2,ACTR2,-92.8773422241211,ok,True
ACTR3,ACTR3,-71.15682220458984,ok,True
ACTR6,ACTR6,-93.42761993408203,ok,True
ACTR8,ACTR8,-87.63658142089844,ok,True
ACTR10,ACTR10,-92.15282440185547,ok,True
ADAT2,ADAT2,-97.72549438476562,ok,True
ADAT3,,,target_not_measured,False
ADRM1,ADRM1,-73.02194213867188,ok,True
ADSL,ADSL,-84.21324157714844,ok,True
AHCTF1,AHCTF1,-67.51234436035156,ok,True
AHCY,AHCY,-94.29428100585938,ok,True
AIFM1,AIFM1,-84.19686889648438,ok,True
AKIRIN2,AKIRIN2,-77.90019226074219,ok,True
ALDOA,ALDOA,-95.9430923461914,ok,True
ALG1,ALG1,-86.3458251953125,ok,True
ALG1L,,,target_not_measured,False
ALG2,ALG2,-71.46053314208984,ok,True
ALG11,ALG11,-72.01656341552734,ok,True
ALG13,ALG13,-95.81373596191406,ok,True
ALG14,ALG14,-82.77857208251953,ok,True
ALYREF,ALYREF,-46.762027740478516,ok,True
ANAPC1,ANAPC1,-71.32933044433594,ok,True
ANAPC2,,,target_not_measured,False
ANAPC4,ANAPC4,-81.33320617675781,ok,True
ANAPC5,ANAPC5,-90.03548431396484,ok,True
ANAPC11,ANAPC11,-83.33323669433594,ok,True
ANAPC13,ANAPC13,-92.2353286743164,ok,True
ANAPC15,ANAPC15,-21.052722930908203,ok,False
ANKLE2,ANKLE2,-86.9330825805664,ok,True
ANKRD11,ANKRD11,-79.71663665771484,ok,True
ANKRD49,ANKRD49,-83.56944274902344,ok,True
ANKS6,ANKS6,-85.42864227294922,ok,True
ANLN,ANLN,-94.30720520019531,ok,True
AP2M1,AP2M1,-46.264461517333984,ok,True
AP2S1,AP2S1,-86.41860961914062,ok,True
AQP7,,,target_not_measured,False
AQR,AQR,-83.18262481689453,ok,True
ARCN1,ARCN1,-60.92020797729492,ok,True
ARF4,ARF4,-79.44100952148438,ok,True
ARFRP1,ARFRP1,-50.66596984863281,ok,True
ARGFX,,,target_not_measured,False
ARGLU1,ARGLU1,-85.8499984741211,ok,True
ARHGAP11B,,,target_not_measured,False
ARID3A,ARID3A,-71.05879211425781,ok,True
ARIH1,ARIH1,-93.81251525878906,ok,True
ARL2,ARL2,-95.69893646240234,ok,True
ARL4D,ARL4D,-84.48074340820312,ok,True
ARMC6,ARMC6,-73.40642547607422,ok,True
ARMC7,,,target_not_measured,False
ARPC2,ARPC2,-74.57473754882812,ok,True
ARPC3,ARPC3,-34.757713317871094,ok,True
ARPC4,ARPC4,-88.82896423339844,ok,True
ASF1B,ASF1B,-91.4111328125,ok,True
ATF4,ATF4,-83.13052368164062,ok,True
ATF5,ATF5,-77.14539337158203,ok,True
ATL2,ATL2,-83.01277160644531,ok,True
ATP1A1,ATP1A1,-89.55426025390625,ok,True
ATP2A2,ATP2A2,-73.80982971191406,ok,True
ATP6AP1,ATP6AP1,-90.15254211425781,ok,True
ATP6AP2,ATP6AP2,-91.81077575683594,ok,True
ATP6V0B,ATP6V0B,-90.16452026367188,ok,True
ATP6V0C,ATP6V0C,-83.82301330566406,ok,True
ATP6V0D1,ATP6V0D1,-79.08332061767578,ok,True
ATP6V1A,ATP6V1A,-92.61605072021484,ok,True
ATP6V1B2,ATP6V1B2,-77.77700805664062,ok,True
ATP6V1C1,ATP6V1C1,-88.66548919677734,ok,True
ATP6V1D,ATP6V1D,-82.45658111572266,ok,True
ATP6V1E1,ATP6V1E1,-88.91515350341797,ok,True
ATP6V1F,ATP6V1F,-91.10965728759766,ok,True
ATP6V1G1,ATP6V1G1,-93.91967010498047,ok,True
ATP6V1H,ATP6V1H,-85.42272186279297,ok,True
ATR,ATR,-90.14712524414062,ok,True
ATRIP,ATRIP,-97.18785858154297,ok,True
AURKA,AURKA,-82.49217224121094,ok,True
AURKAIP1,AURKAIP1,-86.8105239868164,ok,True
AURKB,AURKB,-43.40245819091797,ok,True
BANF1,BANF1,-74.9976806640625,ok,True
BANP,BANP,-56.29597473144531,ok,True
BAP1,BAP1,-85.11598205566406,ok,True
BARD1,BARD1,-89.27851104736328,ok,True
BCAR1,BCAR1,-46.861572265625,ok,True
BCAS2,BCAS2,-86.62201690673828,ok,True
BCL2L1,BCL2L1,-45.23143768310547,ok,True
BCLAF1,BCLAF1,-93.0334243774414,ok,True
BCR,BCR,-31.70646095275879,ok,True
BCS1L,BCS1L,-94.10317993164062,ok,True
BDP1,BDP1,-86.65889739990234,ok,True
BET1,BET1,-89.24668884277344,ok,True
BGLAP,,,target_not_measured,False
BIRC5,BIRC5,-52.08625411987305,ok,True
BNIP1,BNIP1,-83.0621566772461,ok,True
BOP1,BOP1,-23.601102828979492,ok,False
BORA,BORA,-87.75084686279297,ok,True
BPTF,BPTF,-61.32038497924805,ok,True
BRCA1,BRCA1,-84.97993469238281,ok,True
BRCA2,BRCA2,-93.6594009399414,ok,True
BRD4,BRD4,-39.16743469238281,ok,True
BRD8,BRD8,-76.04412841796875,ok,True
BRF1,BRF1,-84.99022674560547,ok,True
BRF2,BRF2,-90.14073181152344,ok,True
BRIP1,BRIP1,-98.13999938964844,ok,True
BRIX1,BRIX1,-82.03301239013672,ok,True
BRK1,BRK1,-92.1572036743164,ok,True
BTF3,BTF3,-89.73319244384766,ok,True
BTF3L4,BTF3L4,-89.79447937011719,ok,True
BUB1,BUB1,-88.4359130859375,ok,True
BUB1B,BUB1B,-90.56116485595703,ok,True
BUB3,BUB3,-73.49932098388672,ok,True
BUD13,BUD13,-64.87419128417969,ok,True
BUD31,BUD31,-47.494388580322266,ok,True
BYSL,BYSL,-84.60185241699219,ok,True
C1D,C1D,-93.6783447265625,ok,True
C1QBP,C1QBP,-89.57695007324219,ok,True
C1QTNF4,,,target_not_measured,False
C1orf109,C1orf109,-33.28757858276367,ok,True
C6orf15,,,target_not_measured,False
C7orf26,C7orf26,-82.80218505859375,ok,True
C7orf50,C7orf50,-30.607839584350586,ok,True
C9orf16,C9orf16,-93.32354736328125,ok,True
C9orf78,C9orf78,-85.15916442871094,ok,True
C12orf45,C12orf45,-91.90058135986328,ok,True
C12orf60,,,target_not_measured,False
C14orf178,,,target_not_measured,False
C16orf86,,,target_not_measured,False
C17orf58,C17orf58,-86.16497802734375,ok,True
C19orf25,C19orf25,-85.32161712646484,ok,True
C19orf53,C19orf53,-89.00361633300781,ok,True
CA5A,,,target_not_measured,False
CACNB3,,,target_not_measured,False
CACTIN,CACTIN,-64.6017074584961,ok,True
CADM4,,,target_not_measured,False
CAMLG,CAMLG,-79.47603607177734,ok,True
CAPZB,CAPZB,-86.02595520019531,ok,True
CASP8AP2,CASP8AP2,-89.2175521850586,ok,True
CBLL1,CBLL1,-74.47528076171875,ok,True
CBLN1,,,target_not_measured,False
CBX1,CBX1,-91.68341827392578,ok,True
CCAR1,CCAR1,-90.6037826538086,ok,True
CCDC59,CCDC59,-82.51319885253906,ok,True
CCDC78,,,target_not_measured,False
CCDC84,CCDC84,-85.68658447265625,ok,True
CCDC86,CCDC86,-88.80323028564453,ok,True
CCDC115,CCDC115,-87.14662170410156,ok,True
CCDC130,CCDC130,-53.16587829589844,ok,True
CCDC137,CCDC137,-92.82078552246094,ok,True
CCDC144A,,,target_not_measured,False
CCDC144NL,,,target_not_measured,False
CCDC174,CCDC174,-83.23735809326172,ok,True
CCNB1,CCNB1,-92.150146484375,ok,True
CCND1,,,target_not_measured,False
CCNH,CCNH,-94.09941101074219,ok,True
CCNK,CCNK,-18.69263458251953,ok,False
CCNL1,CCNL1,-92.9010009765625,ok,True
CCP110,CCP110,-100.0,ok,True
CCT2,CCT2,-92.60136413574219,ok,True
CCT3,CCT3,-93.70438385009766,ok,True
CCT4,CCT4,-88.17941284179688,ok,True
CCT5,CCT5,-95.12763977050781,ok,True
CCT6A,CCT6A,-83.57840728759766,ok,True
CCT7,CCT7,-93.89154052734375,ok,True
CCT8,CCT8,-90.17350006103516,ok,True
CD2BP2,CD2BP2,-78.02347564697266,ok,True
CD3EAP,CD3EAP,-97.31524658203125,ok,True
CD8B,,,target_not_measured,False
CDAN1,,,target_not_measured,False
CDC5L,CDC5L,-81.35071563720703,ok,True
CDC6,CDC6,-77.2544937133789,ok,True
CDC7,CDC7,-91.34366607666016,ok,True
CDC16,CDC16,-89.741455078125,ok,True
CDC20,CDC20,-58.74015808105469,ok,True
CDC23,CDC23,-79.28764343261719,ok,True
CDC26,CDC26,-83.80158996582031,ok,True
CDC27,CDC27,-52.753578186035156,ok,True
CDC37,CDC37,-0.6008968949317932,ok,False
CDC40,CDC40,-65.97806549072266,ok,True
CDC42,CDC42,-83.74199676513672,ok,True
CDC45,CDC45,-83.20780181884766,ok,True
CDC73,CDC73,-78.9874496459961,ok,True
CDC123,CDC123,-93.44770050048828,ok,True
CDCA5,CDCA5,-51.39356994628906,ok,True
CDCA8,CDCA8,-56.65778732299805,ok,True
CDIPT,CDIPT,-91.76237487792969,ok,True
CDK1,CDK1,-69.1547622680664,ok,True
CDK2,CDK2,-95.42650604248047,ok,True
CDK9,CDK9,-84.68461608886719,ok,True
CDK11A,CDK11A,-58.94412612915039,ok,True
CEBPZ,CEBPZ,-87.00717163085938,ok,True
CENPA,CENPA,-41.5261344909668,ok,True
CENPC,CENPC,-88.09154510498047,ok,True
CENPE,CENPE,-95.33744812011719,ok,True
CENPH,CENPH,-90.07979583740234,ok,True
CENPI,,,target_not_measured,False
CENPJ,CENPJ,-82.00666046142578,ok,True
CENPK,CENPK,-95.54953002929688,ok,True
CENPN,CENPN,-82.33116912841797,ok,True
CENPT,CENPT,-84.69127655029297,ok,True
CENPW,CENPW,-90.14551544189453,ok,True
CEP68,CEP68,-76.930908203125,ok,True
CEP85,CEP85,-89.12460327148438,ok,True
CEP97,CEP97,-96.41496276855469,ok,True
CEP152,CEP152,-93.4310302734375,ok,True
CEP192,CEP192,-75.16044616699219,ok,True
CFDP1,CFDP1,-59.575477600097656,ok,True
CHAF1A,CHAF1A,-88.4720687866211,ok,True
CHAF1B,CHAF1B,-95.1822738647461,ok,True
CHCHD1,CHCHD1,-89.75704956054688,ok,True
CHCHD2,CHCHD2,-92.79339599609375,ok,True
CHCHD4,CHCHD4,-92.13350677490234,ok,True
CHD4,CHD4,-81.32621765136719,ok,True
CHEK1,CHEK1,-65.35453033447266,ok,True
CHERP,CHERP,-63.7590217590332,ok,True
CHMP1A,CHMP1A,-69.55215454101562,ok,True
CHMP2A,CHMP2A,-62.09584045410156,ok,True
CHMP3,CHMP3,-90.18656158447266,ok,True
CHMP4B,CHMP4B,-90.83087921142578,ok,True
CHMP5,CHMP5,-81.18929290771484,ok,True
CHMP6,CHMP6,-96.70755004882812,ok,True
CHMP7,CHMP7,-77.73737335205078,ok,True
CHORDC1,CHORDC1,-92.33407592773438,ok,True
CHTF8,,,target_not_measured,False
CHTF18,CHTF18,-92.10033416748047,ok,True
CHTOP,CHTOP,-79.33324432373047,ok,True
CIAO1,CIAO1,-84.15125274658203,ok,True
CIAPIN1,CIAPIN1,-92.8320541381836,ok,True
CINP,CINP,-85.7375259399414,ok,True
CKAP5,CKAP5,-56.69400405883789,ok,True
CLASRP,CLASRP,-69.65248107910156,ok,True
CLCC1,CLCC1,-93.57274627685547,ok,True
CLK2,CLK2,-76.70448303222656,ok,True
CLNS1A,CLNS1A,-92.03836822509766,ok,True
CLP1,CLP1,-74.23602294921875,ok,True
CLSPN,CLSPN,-73.32776641845703,ok,True
CLTC,CLTC,-82.08958435058594,ok,True
CMPK1,CMPK1,-87.99873352050781,ok,True
CMTR1,CMTR1,-81.35308074951172,ok,True
CNIH4,CNIH4,-97.2188720703125,ok,True
CNN2,CNN2,-89.48233795166016,ok,True
CNOT1,CNOT1,-78.88536834716797,ok,True
CNOT2,CNOT2,-72.6464614868164,ok,True
CNOT3,CNOT3,-82.12075805664062,ok,True
COA5,COA5,-90.7151870727539,ok,True
COASY,COASY,-95.682373046875,ok,True
COG1,COG1,-44.52345657348633,ok,True
COG2,COG2,-90.64984130859375,ok,True
COG3,COG3,-89.8039321899414,ok,True
COG4,COG4,-93.89258575439453,ok,True
COG6,COG6,-95.80126953125,ok,True
COG8,COG8,-36.26082229614258,ok,True
COPA,COPA,-35.08230972290039,ok,True
COPB1,COPB1,-57.61928176879883,ok,True
COPB2,COPB2,-52.255001068115234,ok,True
COPE,COPE,-90.25955963134766,ok,True
COPG1,COPG1,-30.597572326660156,ok,True
COPS2,COPS2,-94.2142562866211,ok,True
COPS3,COPS3,-83.37544250488281,ok,True
COPS4,COPS4,-95.3935317993164,ok,True
COPS5,COPS5,-83.02659606933594,ok,True
COPS6,COPS6,-95.90067291259766,ok,True
COPS8,COPS8,-86.82861328125,ok,True
COPZ1,COPZ1,-37.06757736206055,ok,True
COQ2,COQ2,-100.0,ok,True
COQ4,COQ4,-90.7120132446289,ok,True
COQ5,COQ5,-94.20449829101562,ok,True
COX5A,COX5A,-95.66964721679688,ok,True
COX5B,COX5B,-89.60381317138672,ok,True
COX6C,COX6C,-94.43963623046875,ok,True
COX7B,COX7B,-91.86384582519531,ok,True
COX7C,COX7C,-94.059814453125,ok,True
COX10,COX10,-86.18423461914062,ok,True
COX11,COX11,-89.4561767578125,ok,True
COX15,COX15,-100.0,ok,True
COX17,COX17,-91.56273651123047,ok,True
CPAMD8,,,target_not_measured,False
CPNE7,CPNE7,-88.19451904296875,ok,True
CPOX,CPOX,-92.5168685913086,ok,True
CPSF1,CPSF1,-87.37164306640625,ok,True
CPSF3,CPSF3,-88.01301574707031,ok,True
CPSF4,CPSF4,-90.50366973876953,ok,True
CPSF6,CPSF6,-85.41822052001953,ok,True
CRCP,CRCP,-70.87940979003906,ok,True
CRKL,CRKL,-88.5428466796875,ok,True
CRLS1,CRLS1,-83.95428466796875,ok,True
CRNKL1,CRNKL1,-52.13425064086914,ok,True
CS,CS,-87.6369400024414,ok,True
CSE1L,CSE1L,-91.5046157836914,ok,True
CSH2,,,target_not_measured,False
CSNK1A1,CSNK1A1,-86.76622009277344,ok,True
CSNK2B,CSNK2B,-87.2676773071289,ok,True
CSTF1,CSTF1,-81.53360748291016,ok,True
CSTF3,CSTF3,-88.40040588378906,ok,True
CTBP2,,,target_not_measured,False
CTCF,CTCF,-48.51772689819336,ok,True
CTDP1,,,target_not_measured,False
CTNNBL1,CTNNBL1,-90.4872055053711,ok,True
CTR9,CTR9,-88.12980651855469,ok,True
CTU2,CTU2,-91.19660949707031,ok,True
CUL1,CUL1,-75.78626251220703,ok,True
CUL2,CUL2,-84.1633071899414,ok,True
CUL3,CUL3,-76.91217041015625,ok,True
CUL7,,,target_not_measured,False
CWC15,CWC15,-80.49469757080078,ok,True
CWC22,CWC22,-61.642234802246094,ok,True
CWC25,CWC25,-72.8193359375,ok,True
CWF19L2,CWF19L2,-88.85447692871094,ok,True
CXXC1,CXXC1,-79.94483947753906,ok,True
CYC1,CYC1,-74.19818878173828,ok,True
CYCS,CYCS,-96.01649475097656,ok,True
CYFIP1,CYFIP1,-85.64408874511719,ok,True
CYP2A13,,,target_not_measured,False
CYP4F11,,,target_not_measured,False
CYS1,,,target_not_measured,False
DAD1,DAD1,-92.59786987304688,ok,True
DAP3,DAP3,-92.51435852050781,ok,True
DARS,DARS,-91.45944213867188,ok,True
DBF4,DBF4,-80.5131607055664,ok,True
DBR1,DBR1,-93.31913757324219,ok,True
DCAF6,DCAF6,-67.63131713867188,ok,True
DCLRE1B,DCLRE1B,-77.69229125976562,ok,True
DCTN1,DCTN1,-90.31069946289062,ok,True
DCTN2,DCTN2,-92.71196746826172,ok,True
DCTN3,DCTN3,-91.26162719726562,ok,True
DCTN4,DCTN4,-84.32141876220703,ok,True
DCTN5,DCTN5,-85.85323333740234,ok,True
DCTN6,DCTN6,-80.59359741210938,ok,True
DCUN1D5,DCUN1D5,-87.88162994384766,ok,True
DDB1,DDB1,-51.3702392578125,ok,True
DDN,,,target_not_measured,False
DDOST,DDOST,-87.7872543334961,ok,True
DDX1,DDX1,-93.0323715209961,ok,True
DDX5,DDX5,-91.00296783447266,ok,True
DDX6,DDX6,-76.86815643310547,ok,True
DDX10,DDX10,-90.93717956542969,ok,True
DDX11,DDX11,-83.11004638671875,ok,True
DDX18,DDX18,-88.85335540771484,ok,True
DDX19A,DDX19A,-85.39607238769531,ok,True
DDX19B,DDX19B,-57.33292770385742,ok,True
DDX20,DDX20,-91.9610824584961,ok,True
DDX21,DDX21,-91.13628387451172,ok,True
DDX23,DDX23,-79.30419921875,ok,True
DDX24,DDX24,-83.97392272949219,ok,True
DDX27,DDX27,-84.2916488647461,ok,True
DDX41,DDX41,-79.83798217773438,ok,True
DDX42,DDX42,-73.21141052246094,ok,True
DDX46,DDX46,-73.46357727050781,ok,True
DDX47,,,target_not_measured,False
DDX49,DDX49,-89.00609588623047,ok,True
DDX51,DDX51,-73.98834228515625,ok,True
DDX52,DDX52,-92.75460052490234,ok,True
DDX54,DDX54,-67.73152160644531,ok,True
DDX55,DDX55,-89.63874053955078,ok,True
DDX56,DDX56,-82.97195434570312,ok,True
DDX59,DDX59,-92.31583404541016,ok,True
DENR,DENR,-93.29721069335938,ok,True
DERL2,DERL2,-96.88880157470703,ok,True
DHDDS,DHDDS,-96.22156524658203,ok,True
DHFR,DHFR,-16.320676803588867,ok,False
DHODH,DHODH,-68.83948516845703,ok,True
DHPS,DHPS,-76.48493194580078,ok,True
DHX8,DHX8,-36.43071746826172,ok,True
DHX9,DHX9,-73.21269226074219,ok,True
DHX15,DHX15,-89.6573715209961,ok,True
DHX16,DHX16,-84.75525665283203,ok,True
DHX33,DHX33,-79.64707946777344,ok,True
DHX36,DHX36,-96.26869201660156,ok,True
DHX37,DHX37,-82.96598815917969,ok,True
DICER1,DICER1,-95.23822784423828,ok,True
DIMT1,DIMT1,-87.92728424072266,ok,True
DIS3,DIS3,-94.64213562011719,ok,True
DKC1,DKC1,-91.25121307373047,ok,True
DLD,DLD,-93.13088989257812,ok,True
DMAP1,DMAP1,-77.18907165527344,ok,True
DMRTA2,,,target_not_measured,False
DNAJA1,DNAJA1,-78.43737030029297,ok,True
DNAJA3,DNAJA3,-92.77915954589844,ok,True
DNAJC8,DNAJC8,-96.09709167480469,ok,True
DNAJC9,DNAJC9,-90.66879272460938,ok,True
DNAJC11,DNAJC11,-78.61003112792969,ok,True
DNAJC17,DNAJC17,-82.20854187011719,ok,True
DNAJC19,DNAJC19,-83.92176818847656,ok,True
DNLZ,,,target_not_measured,False
DNM1,DNM1,-52.10130310058594,ok,True
DNM1L,DNM1L,-87.25645446777344,ok,True
DNMT1,DNMT1,-92.84072875976562,ok,True
DNTTIP2,DNTTIP2,-92.17981719970703,ok,True
DOHH,DOHH,-97.01371765136719,ok,True
DOLK,DOLK,-95.22659301757812,ok,True
DONSON,DONSON,-85.9708023071289,ok,True
DPAGT1,DPAGT1,-94.58763885498047,ok,True
DPH1,,,target_not_measured,False
DPH2,DPH2,-96.90768432617188,ok,True
DPH3,DPH3,-90.57098388671875,ok,True
DPH6,DPH6,-94.32335662841797,ok,True
DPM2,DPM2,-85.9625244140625,ok,True
DPPA2,,,target_not_measured,False
DPY19L2,,,target_not_measured,False
DR1,DR1,-80.24618530273438,ok,True
DRAP1,DRAP1,-89.18438720703125,ok,True
DRG1,DRG1,-89.90068054199219,ok,True
DSN1,DSN1,-89.2506332397461,ok,True
DTL,DTL,-52.53508758544922,ok,True
DTYMK,DTYMK,-76.5355453491211,ok,True
DUT,DUT,-95.97843170166016,ok,True
DYNC1H1,DYNC1H1,-79.16651153564453,ok,True
DYNC1I2,DYNC1I2,-71.8545150756836,ok,True
DYNLL1,DYNLL1,-88.2289810180664,ok,True
DYNLRB1,DYNLRB1,-50.7718505859375,ok,True
E2F6,E2F6,-88.49797058105469,ok,True
E4F1,E4F1,-92.15898895263672,ok,True
EARS2,EARS2,-91.05062866210938,ok,True
EBNA1BP2,EBNA1BP2,-88.6458511352539,ok,True
ECD,ECD,-89.04637145996094,ok,True
ECT2,ECT2,-76.89923095703125,ok,True
EDC4,EDC4,-75.60767364501953,ok,True
EEF1A1,EEF1A1,-60.53181457519531,ok,True
EEF1B2,EEF1B2,-88.80431365966797,ok,True
EEF1G,EEF1G,-96.86187744140625,ok,True
EEF2,EEF2,-76.18727111816406,ok,True
EFTUD2,EFTUD2,-46.82830810546875,ok,True
EGLN2,EGLN2,-48.48471450805664,ok,True
EIF1,EIF1,-88.85719299316406,ok,True
EIF1AD,EIF1AD,-90.4540023803711,ok,True
EIF1AX,EIF1AX,-79.35932159423828,ok,True
EIF2B1,EIF2B1,-92.56777954101562,ok,True
EIF2B2,EIF2B2,-85.76311492919922,ok,True
EIF2B3,EIF2B3,-94.70286560058594,ok,True
EIF2B4,EIF2B4,-80.48725128173828,ok,True
EIF2B5,EIF2B5,-82.70761108398438,ok,True
EIF2S1,EIF2S1,-89.67276763916016,ok,True
EIF2S2,EIF2S2,-68.61219024658203,ok,True
EIF2S3,EIF2S3,-89.15538787841797,ok,True
EIF3A,EIF3A,-77.20557403564453,ok,True
EIF3B,EIF3B,-76.07548522949219,ok,True
EIF3CL,,,target_not_measured,False
EIF3D,EIF3D,-85.45330810546875,ok,True
EIF3E,EIF3E,-81.56309509277344,ok,True
EIF3F,EIF3F,-71.45012664794922,ok,True
EIF3G,EIF3G,-83.4298095703125,ok,True
EIF3H,EIF3H,-93.03289031982422,ok,True
EIF3I,EIF3I,-78.9308090209961,ok,True
EIF3J,EIF3J,-95.24596405029297,ok,True
EIF3L,EIF3L,-95.33855438232422,ok,True
EIF3M,EIF3M,-89.04961395263672,ok,True
EIF4A1,EIF4A1,-83.72624206542969,ok,True
EIF4B,EIF4B,-92.50009155273438,ok,True
EIF4E,EIF4E,-94.91361236572266,ok,True
EIF4G1,EIF4G1,-83.5871353149414,ok,True
EIF4G2,EIF4G2,-71.15312194824219,ok,True
EIF5,EIF5,-65.91918182373047,ok,True
EIF5A,EIF5A,-76.22179412841797,ok,True
EIF6,EIF6,-90.13741302490234,ok,True
ELAC2,ELAC2,-94.29772186279297,ok,True
ELL,ELL,-81.9336166381836,ok,True
ELOVL1,ELOVL1,-95.38274383544922,ok,True
ELP2,ELP2,-83.29802703857422,ok,True
ELP3,ELP3,-93.678466796875,ok,True
ELP5,ELP5,-85.10953521728516,ok,True
ELP6,ELP6,-83.94293975830078,ok,True
EMC1,EMC1,-96.20571899414062,ok,True
EMC3,EMC3,-70.25409698486328,ok,True
EMC4,EMC4,-97.14431762695312,ok,True
EMC7,EMC7,-91.30272674560547,ok,True
ENO1,ENO1,-96.83716583251953,ok,True
EP400,EP400,-89.60006713867188,ok,True
EPRS,EPRS,-92.72989654541016,ok,True
ERAL1,ERAL1,-89.40679168701172,ok,True
ERCC2,ERCC2,-96.64157104492188,ok,True
ERCC3,ERCC3,-94.25917053222656,ok,True
ERH,ERH,-59.75596618652344,ok,True
ERVW-1,,,target_not_measured,False
ESF1,ESF1,-74.90546417236328,ok,True
ESPL1,ESPL1,-41.254642486572266,ok,True
ESPN,,,target_not_measured,False
ETF1,ETF1,-88.6207275390625,ok,True
EWSR1,EWSR1,-75.34849548339844,ok,True
EXOC1,EXOC1,-89.34521484375,ok,True
EXOC2,EXOC2,-93.14552307128906,ok,True
EXOC3,EXOC3,5.734941005706787,ok,False
EXOC4,EXOC4,-98.67439270019531,ok,True
EXOC5,EXOC5,-83.5511474609375,ok,True
EXOC7,EXOC7,-100.0,ok,True
EXOSC1,EXOSC1,-79.99126434326172,ok,True
EXOSC2,EXOSC2,-86.36299896240234,ok,True
EXOSC3,EXOSC3,-81.29460906982422,ok,True
EXOSC4,EXOSC4,-83.9150390625,ok,True
EXOSC5,EXOSC5,-90.20568084716797,ok,True
EXOSC6,EXOSC6,-80.28385925292969,ok,True
EXOSC7,EXOSC7,-82.77713012695312,ok,True
EXOSC8,EXOSC8,-91.24775695800781,ok,True
EXOSC9,EXOSC9,-75.17206573486328,ok,True
EXOSC10,EXOSC10,-78.32369232177734,ok,True
FAF2,FAF2,-94.81623077392578,ok,True
FAM32A,FAM32A,-77.50041961669922,ok,True
FAM50A,FAM50A,-100.0,ok,True
FAM72D,,,target_not_measured,False
FAM136A,FAM136A,-86.95191955566406,ok,True
FAM207A,FAM207A,-84.4735336303711,ok,True
FAM229A,,,target_not_measured,False
FARS2,FARS2,-94.22933959960938,ok,True
FARSA,FARSA,-94.41986083984375,ok,True
FARSB,FARSB,-94.67267608642578,ok,True
FASTKD5,FASTKD5,-91.18443298339844,ok,True
FAU,FAU,-78.85002899169922,ok,True
FBL,FBL,-96.05052185058594,ok,True
FBLIM1,,,target_not_measured,False
FBXO5,FBXO5,-61.96137619018555,ok,True
FCF1,FCF1,-88.08910369873047,ok,True
FDXR,FDXR,-91.7136001586914,ok,True
FEN1,FEN1,-92.68238067626953,ok,True
FGFR1OP,FGFR1OP,-92.76344299316406,ok,True
FNBP4,FNBP4,-91.11248016357422,ok,True
FNTA,FNTA,-85.20098114013672,ok,True
FNTB,,,target_not_measured,False
FOLR3,,,target_not_measured,False
FOXD4,,,target_not_measured,False
FOXL2,FOXL2,-85.88909912109375,ok,True
FRG2,,,target_not_measured,False
FTSJ3,FTSJ3,-55.35661315917969,ok,True
FXN,FXN,-95.5046157836914,ok,True
GAB2,GAB2,-64.47058868408203,ok,True
GABPA,GABPA,-57.3806037902832,ok,True
GAK,GAK,-40.921932220458984,ok,True
GAPDH,GAPDH,-78.0199203491211,ok,True
GAR1,GAR1,-88.63372802734375,ok,True
GARS,GARS,-69.68394470214844,ok,True
GATA1,GATA1,-84.8025131225586,ok,True
GBF1,GBF1,-88.305908203125,ok,True
GCOM1,,,target_not_measured,False
GEMIN4,GEMIN4,-100.0,ok,True
GEMIN5,GEMIN5,-96.46559143066406,ok,True
GEMIN6,GEMIN6,-79.86778259277344,ok,True
GEMIN7,GEMIN7,-92.01823425292969,ok,True
GEMIN8,GEMIN8,-91.71817016601562,ok,True
GET1,GET1,-58.96554946899414,ok,True
GET3,GET3,-84.16594696044922,ok,True
GFER,GFER,-85.43449401855469,ok,True
GFM1,GFM1,-96.1316146850586,ok,True
GGPS1,GGPS1,-86.02125549316406,ok,True
GINS1,GINS1,-92.09275817871094,ok,True
GINS2,GINS2,-91.54405212402344,ok,True
GINS3,GINS3,-94.84827423095703,ok,True
GINS4,GINS4,-91.61634826660156,ok,True
GIT2,GIT2,-17.415924072265625,ok,False
GJA3,,,target_not_measured,False
GLE1,GLE1,-86.41622161865234,ok,True
GLI4,GLI4,-72.55511474609375,ok,True
GLMN,GLMN,-93.13784790039062,ok,True
GLRX3,GLRX3,-86.8344955444336,ok,True
GLRX5,GLRX5,-93.1083755493164,ok,True
GMPPB,GMPPB,-90.5044174194336,ok,True
GMPS,GMPS,-87.8720474243164,ok,True
GNB1L,GNB1L,-92.85015869140625,ok,True
GNL2,GNL2,-89.9920883178711,ok,True
GNL3,GNL3,-85.9334487915039,ok,True
GNL3L,GNL3L,-94.2581787109375,ok,True
GNPNAT1,GNPNAT1,-86.3025894165039,ok,True
GOLGA6L1,,,target_not_measured,False
GOLT1B,GOLT1B,-84.02240753173828,ok,True
GON4L,GON4L,-46.23162841796875,ok,True
GOSR2,GOSR2,-79.84181213378906,ok,True
GPKOW,GPKOW,-84.1329574584961,ok,True
GPN1,GPN1,-77.7507095336914,ok,True
GPN2,GPN2,-83.14242553710938,ok,True
GPN3,GPN3,-90.78163146972656,ok,True
GPR61,,,target_not_measured,False
GPS1,GPS1,-79.73074340820312,ok,True
GRB2,GRB2,-23.707199096679688,ok,False
GRPEL1,GRPEL1,-76.43470001220703,ok,True
GRSF1,GRSF1,-86.05128479003906,ok,True
GRWD1,GRWD1,-84.89410400390625,ok,True
GSDMA,,,target_not_measured,False
GSPT1,GSPT1,-88.74205017089844,ok,True
GTF2A1,GTF2A1,-80.68197631835938,ok,True
GTF2A2,GTF2A2,-92.00727844238281,ok,True
GTF2B,GTF2B,-97.36190795898438,ok,True
GTF2E1,GTF2E1,-85.64209747314453,ok,True
GTF2E2,GTF2E2,-98.62938690185547,ok,True
GTF2F1,GTF2F1,-89.8031997680664,ok,True
GTF2F2,GTF2F2,-93.01295471191406,ok,True
GTF2H1,GTF2H1,-84.40149688720703,ok,True
GTF2H2,GTF2H2,-85.03810119628906,ok,True
GTF2H2C,GTF2H2C,-94.75492858886719,ok,True
GTF2H3,GTF2H3,-93.35992431640625,ok,True
GTF2H4,GTF2H4,-81.72003173828125,ok,True
GTF3A,GTF3A,-94.85472869873047,ok,True
GTF3C1,GTF3C1,-93.49247741699219,ok,True
GTF3C2,GTF3C2,-92.44271087646484,ok,True
GTF3C3,GTF3C3,-95.94255065917969,ok,True
GTF3C4,GTF3C4,-42.09731674194336,ok,True
GTF3C5,GTF3C5,-87.91029357910156,ok,True
GTF3C6,GTF3C6,-92.73292541503906,ok,True
GTPBP4,GTPBP4,-79.38044738769531,ok,True
GUCD1,GUCD1,-37.17280960083008,ok,True
GUK1,GUK1,-84.33235168457031,ok,True
H2AFX,H2AFX,-84.41590881347656,ok,True
H2AFZ,H2AFZ,-93.71015167236328,ok,True
H3F3A,H3F3A,-76.05296325683594,ok,True
HAMP,,,target_not_measured,False
HAPLN2,,,target_not_measured,False
HARS,HARS,-87.50283813476562,ok,True
HARS2,HARS2,-100.0,ok,True
HAUS1,HAUS1,-86.51435089111328,ok,True
HAUS3,HAUS3,-79.2919692993164,ok,True
HAUS4,HAUS4,-96.85037231445312,ok,True
HAUS5,HAUS5,-79.84691619873047,ok,True
HAUS6,HAUS6,-81.84822845458984,ok,True
HAUS7,,,target_not_measured,False
HAUS8,HAUS8,-75.64271545410156,ok,True
HBS1L,HBS1L,-84.29499053955078,ok,True
HCFC1,HCFC1,-39.17308807373047,ok,True
HCRTR1,,,target_not_measured,False
HDAC3,HDAC3,-79.60160827636719,ok,True
HDAC7,HDAC7,-63.34602355957031,ok,True
HEATR1,HEATR1,-94.36259460449219,ok,True
HECTD1,HECTD1,-89.81986236572266,ok,True
HGS,HGS,-94.20822143554688,ok,True
HINFP,HINFP,-90.60843658447266,ok,True
HIRA,HIRA,-54.180503845214844,ok,True
HIST1H2AB,,,target_not_measured,False
HIST1H2AE,HIST1H2AE,-80.24622344970703,ok,True
HIST1H2AI,,,target_not_measured,False
HIST1H2BB,,,target_not_measured,False
HIST1H2BC,HIST1H2BC,-91.70101928710938,ok,True
HIST1H2BE,,,target_not_measured,False
HIST1H2BJ,HIST1H2BJ,-79.65872955322266,ok,True
HIST1H2BL,,,target_not_measured,False
HIST1H2BM,,,target_not_measured,False
HIST1H2BN,HIST1H2BN,-89.04314422607422,ok,True
HIST2H2AA3,,,target_not_measured,False
HIST2H2AC,HIST2H2AC,-44.70704650878906,ok,True
HIST2H2BE,,,target_not_measured,False
HIST2H2BF,,,target_not_measured,False
HIST2H3A,,,target_not_measured,False
HIST2H3D,,,target_not_measured,False
HJURP,HJURP,-95.94992065429688,ok,True
HLA-C,HLA-C,36.69874954223633,ok,False
HMGA1,HMGA1,-90.66212463378906,ok,True
HMGB1,HMGB1,-11.731621742248535,ok,False
HMGCR,HMGCR,-92.42131805419922,ok,True
HMGCS1,HMGCS1,-89.63960266113281,ok,True
HMGN2,HMGN2,-81.468017578125,ok,True
HNRNPC,HNRNPC,-83.12737274169922,ok,True
HNRNPH1,HNRNPH1,-69.20155334472656,ok,True
HNRNPL,HNRNPL,-68.27532958984375,ok,True
HNRNPM,HNRNPM,-55.65302276611328,ok,True
HNRNPR,HNRNPR,-92.52981567382812,ok,True
HNRNPU,HNRNPU,-73.428466796875,ok,True
HOXC10,HOXC10,-82.35979461669922,ok,True
HS6ST1,,,target_not_measured,False
HSCB,HSCB,-96.05732727050781,ok,True
HSD17B12,HSD17B12,-92.621337890625,ok,True
HSF1,HSF1,-47.2744255065918,ok,True
HSP90B1,HSP90B1,-92.90798950195312,ok,True
HSPA5,HSPA5,-62.66982650756836,ok,True
HSPA8,HSPA8,-70.70081329345703,ok,True
HSPA9,HSPA9,-92.4743423461914,ok,True
HSPA14,HSPA14_ENSG00000284024,-88.90127563476562,ok,True
HSPD1,HSPD1,-78.61708068847656,ok,True
HTATSF1,HTATSF1,-65.34394836425781,ok,True
HUS1,HUS1,-93.96814727783203,ok,True
HUWE1,HUWE1,-86.40814208984375,ok,True
HYOU1,HYOU1,-96.31847381591797,ok,True
HYPK,,,target_not_measured,False
IARS,IARS,-90.9461898803711,ok,True
IARS2,IARS2,-89.54259490966797,ok,True
ICE1,ICE1,-66.71453857421875,ok,True
IFITM2,IFITM2,-96.9373779296875,ok,True
IGBP1,IGBP1,-79.484619140625,ok,True
IK,IK,-41.91032791137695,ok,True
ILF2,ILF2,-94.16159057617188,ok,True
ILF3,ILF3,-92.70906829833984,ok,True
IMP4,IMP4,-90.72392272949219,ok,True
IMPDH2,IMPDH2,-95.4312973022461,ok,True
INCENP,INCENP,-50.52327346801758,ok,True
ING3,ING3,-70.87158966064453,ok,True
INO80,INO80,-79.2708511352539,ok,True
INO80B,INO80B,-93.65218353271484,ok,True
INTS1,INTS1,-74.0246353149414,ok,True
INTS2,INTS2,-96.93131256103516,ok,True
INTS3,INTS3,-88.45756530761719,ok,True
INTS4,INTS4,-88.14049530029297,ok,True
INTS5,INTS5,-90.73454284667969,ok,True
INTS6,INTS6,-69.00579833984375,ok,True
INTS7,INTS7,-97.42947387695312,ok,True
INTS8,INTS8,-85.12258911132812,ok,True
INTS9,INTS9,-86.60018157958984,ok,True
IPO7,IPO7,-91.8401107788086,ok,True
IPO9,IPO9,-92.40054321289062,ok,True
IPO11,IPO11,-79.2140884399414,ok,True
IPO13,IPO13,-100.0,ok,True
ISCA2,ISCA2,-89.10648345947266,ok,True
ISCU,ISCU,-60.98756790161133,ok,True
ISG20L2,ISG20L2,-98.12862396240234,ok,True
ISY1,ISY1,-67.78849029541016,ok,True
JAZF1,,,target_not_measured,False
JMJD6,JMJD6,-83.4437026977539,ok,True
KANSL1,KANSL1,-72.60648345947266,ok,True
KANSL2,KANSL2,-86.9410400390625,ok,True
KANSL3,KANSL3,-92.60603332519531,ok,True
KARS,KARS,-77.82450103759766,ok,True
KAT5,KAT5,-66.63966369628906,ok,True
KAT8,KAT8,-69.36149597167969,ok,True
KATNB1,KATNB1,-85.36495208740234,ok,True
KCMF1,KCMF1,-71.20101928710938,ok,True
KCNA10,,,target_not_measured,False
KCTD10,KCTD10,-93.9791030883789,ok,True
KDM2A,KDM2A,-27.490079879760742,ok,True
KDM8,,,target_not_measured,False
KIAA1143,KIAA1143,-88.82369232177734,ok,True
KIF4A,KIF4A,-95.12198638916016,ok,True
KIF11,KIF11,-42.63665771484375,ok,True
KIF14,KIF14,-87.61746978759766,ok,True
KIF18A,KIF18A,-100.0,ok,True
KIF18B,KIF18B,-95.97572326660156,ok,True
KIF20A,KIF20A,-95.89739990234375,ok,True
KIF23,KIF23,-48.5247802734375,ok,True
KIN,KIN,-81.48603820800781,ok,True
KLC2,KLC2,-87.3332290649414,ok,True
KLF7,,,target_not_measured,False
KLHL11,,,target_not_measured,False
KPNA6,KPNA6,-97.07977294921875,ok,True
KPNB1,KPNB1,-65.25286102294922,ok,True
KRI1,KRI1,-95.20123291015625,ok,True
KRR1,KRR1,-90.73138427734375,ok,True
KRT8,KRT8,-55.24687194824219,ok,True
KRT10,KRT10,-57.88508224487305,ok,True
KRT17,,,target_not_measured,False
KRTAP4-2,,,target_not_measured,False
KRTAP4-7,,,target_not_measured,False
KTI12,KTI12,-82.94271850585938,ok,True
KXD1,KXD1,-87.1256103515625,ok,True
LAMTOR2,LAMTOR2,-97.63785552978516,ok,True
LAMTOR3,LAMTOR3,-97.85640716552734,ok,True
LAMTOR4,LAMTOR4,-95.00653076171875,ok,True
LARS,LARS,-88.05132293701172,ok,True
LARS2,LARS2,-96.73485565185547,ok,True
LAS1L,LAS1L,-89.23938751220703,ok,True
LCE1C,,,target_not_measured,False
LCE1E,,,target_not_measured,False
LCN10,,,target_not_measured,False
LENG8,LENG8,-81.29827117919922,ok,True
LETM1,LETM1,-85.09832000732422,ok,True
LIMS1,LIMS1,-37.58349609375,ok,True
LIN54,LIN54,-51.78960418701172,ok,True
LONP1,LONP1,-84.24097442626953,ok,True
LPA,,,target_not_measured,False
LRPPRC,LRPPRC,-91.4223403930664,ok,True
LRR1,LRR1,-76.7166976928711,ok,True
LRRC37A3,,,target_not_measured,False
LRRC37B,,,target_not_measured,False
LSG1,LSG1,-86.76656341552734,ok,True
LSM2,LSM2,-83.5987548828125,ok,True
LSM3,LSM3,-90.85833740234375,ok,True
LSM4,LSM4,-84.12199401855469,ok,True
LSM5,LSM5,-77.20063018798828,ok,True
LSM6,LSM6,-92.15586853027344,ok,True
LSM7,LSM7,-88.83992767333984,ok,True
LSM10,LSM10,-95.52897644042969,ok,True
LSM11,,,target_not_measured,False
LSM12,LSM12,-81.8089370727539,ok,True
LST1,LST1,-83.0401382446289,ok,True
LTB4R2,,,target_not_measured,False
LTBP3,,,target_not_measured,False
LTV1,LTV1,-81.3553695678711,ok,True
LUC7L3,LUC7L3,-89.37869262695312,ok,True
LURAP1,,,target_not_measured,False
LYRM4,LYRM4,-71.50067138671875,ok,True
MAD2L1,MAD2L1,-79.51165771484375,ok,True
MAD2L2,MAD2L2,-90.0711669921875,ok,True
MAGOH,MAGOH,-77.01587677001953,ok,True
MAK16,MAK16,-82.4682846069336,ok,True
MANF,MANF,-96.70622253417969,ok,True
MARS,MARS,-91.25733184814453,ok,True
MARS2,MARS2,-93.447265625,ok,True
MASTL,MASTL,-67.34394836425781,ok,True
MAT2A,MAT2A,-79.98091888427734,ok,True
MAU2,MAU2,-72.28536987304688,ok,True
MAX,MAX,-74.8435287475586,ok,True
MBTPS1,MBTPS1,-85.6640396118164,ok,True
MBTPS2,MBTPS2,-99.99999237060547,ok,True
MCL1,MCL1,-59.62674331665039,ok,True
MCM2,MCM2,-92.57510375976562,ok,True
MCM3,MCM3,-91.33399963378906,ok,True
MCM3AP,MCM3AP,-94.37886810302734,ok,True
MCM4,MCM4,-87.01433563232422,ok,True
MCM5,MCM5,-83.48892211914062,ok,True
MCM6,MCM6,-88.50489807128906,ok,True
MCM7,MCM7,-80.196533203125,ok,True
MCM10,MCM10,-83.67514038085938,ok,True
MCMBP,MCMBP,-95.80584716796875,ok,True
MCRS1,MCRS1,-64.25039672851562,ok,True
MDN1,MDN1,-88.13261413574219,ok,True
MED1,MED1,-89.93218231201172,ok,True
MED4,MED4,-86.48927307128906,ok,True
MED6,MED6,-88.95777893066406,ok,True
MED7,MED7,-87.63690948486328,ok,True
MED8,MED8,-80.22977447509766,ok,True
MED9,,,target_not_measured,False
MED10,MED10,-87.76618957519531,ok,True
MED11,MED11,-83.65644073486328,ok,True
MED12,MED12,-94.09539031982422,ok,True
MED14,MED14,-85.06331634521484,ok,True
MED17,MED17,-84.0195083618164,ok,True
MED19,MED19,-84.1181869506836,ok,True
MED20,MED20,-82.26667022705078,ok,True
MED21,MED21,-94.24897766113281,ok,True
MED22,MED22,-81.12506103515625,ok,True
MED26,MED26,-69.28636169433594,ok,True
MED28,MED28,-92.41224670410156,ok,True
MED29,MED29,-68.50725555419922,ok,True
MED30,MED30,-91.46285247802734,ok,True
MED31,MED31,-74.72294616699219,ok,True
MEPCE,MEPCE,-39.818660736083984,ok,True
METAP1,METAP1,-85.40170288085938,ok,True
METAP2,METAP2,-90.57875061035156,ok,True
METTL1,METTL1,-82.29666900634766,ok,True
METTL3,METTL3,-87.95365142822266,ok,True
METTL14,METTL14,-85.43240356445312,ok,True
METTL16,METTL16,-100.0,ok,True
METTL17,METTL17,-90.47383117675781,ok,True
METTL23,METTL23,-58.16514587402344,ok,True
MEX3A,MEX3A,-89.70932006835938,ok,True
MFAP1,MFAP1,-79.70135498046875,ok,True
MFN2,MFN2,-16.429969787597656,ok,False
MICOS10,MICOS10,-93.20886993408203,ok,True
MIOS,MIOS,-93.78530883789062,ok,True
MIPEP,MIPEP,-100.0,ok,True
MIS12,MIS12,-89.78929901123047,ok,True
MIS18A,MIS18A,-91.02594757080078,ok,True
MIS18BP1,MIS18BP1,-92.57661437988281,ok,True
MKRN1,MKRN1,-22.987268447875977,ok,False
MLST8,MLST8,-77.49539184570312,ok,True
MMGT1,MMGT1,-77.65644836425781,ok,True
MMS19,MMS19,-98.39859008789062,ok,True
MMS22L,MMS22L,-89.813720703125,ok,True
MNAT1,MNAT1,-86.97884368896484,ok,True
MOB4,MOB4,-85.0381851196289,ok,True
MOCS3,MOCS3,-66.57563018798828,ok,True
MOG,,,target_not_measured,False
MOK,,,target_not_measured,False
MPHOSPH10,MPHOSPH10,-91.28826141357422,ok,True
MRGBP,MRGBP,-87.3133773803711,ok,True
MRPL1,MRPL1,-91.05574035644531,ok,True
MRPL2,MRPL2,-90.58342742919922,ok,True
MRPL3,MRPL3,-89.37249755859375,ok,True
MRPL4,MRPL4,-94.45391845703125,ok,True
MRPL9,MRPL9,-84.72147369384766,ok,True
MRPL10,MRPL10,-89.35559844970703,ok,True
MRPL13,MRPL13,-91.04670715332031,ok,True
MRPL14,MRPL14,-92.74676513671875,ok,True
MRPL15,MRPL15,-90.94366455078125,ok,True
MRPL16,MRPL16,-93.83324432373047,ok,True
MRPL17,MRPL17,-95.87915802001953,ok,True
MRPL18,MRPL18,-85.66929626464844,ok,True
MRPL19,MRPL19,-92.97178649902344,ok,True
MRPL20,MRPL20,-85.65185546875,ok,True
MRPL22,MRPL22,-95.58073425292969,ok,True
MRPL24,MRPL24,-90.3954849243164,ok,True
MRPL27,MRPL27,-91.1343002319336,ok,True
MRPL28,MRPL28,-87.31120300292969,ok,True
MRPL32,MRPL32,-93.86217498779297,ok,True
MRPL33,MRPL33,-85.70562744140625,ok,True
MRPL35,MRPL35,-93.22174835205078,ok,True
MRPL36,MRPL36,-91.36620330810547,ok,True
MRPL37,MRPL37,-94.1630859375,ok,True
MRPL38,MRPL38,-90.52790069580078,ok,True
MRPL39,MRPL39,-95.2545166015625,ok,True
MRPL41,MRPL41,-95.79096221923828,ok,True
MRPL43,MRPL43,-91.23622131347656,ok,True
MRPL44,MRPL44,-92.14203643798828,ok,True
MRPL45,MRPL45,-77.5704574584961,ok,True
MRPL49,MRPL49,-81.51869201660156,ok,True
MRPL50,MRPL50,-88.37608337402344,ok,True
MRPL51,MRPL51,-94.07044219970703,ok,True
MRPL53,,,target_not_measured,False
MRPL54,MRPL54,-84.96620178222656,ok,True
MRPL55,MRPL55,-92.26296997070312,ok,True
MRPS2,MRPS2,-84.87274932861328,ok,True
MRPS5,MRPS5,-91.3670883178711,ok,True
MRPS6,MRPS6,-88.24107360839844,ok,True
MRPS7,MRPS7,-90.916015625,ok,True
MRPS9,MRPS9,-89.76201629638672,ok,True
MRPS10,MRPS10,-85.83975219726562,ok,True
MRPS11,MRPS11,-94.87175750732422,ok,True
MRPS12,MRPS12,-92.38668060302734,ok,True
MRPS14,MRPS14,-90.28837585449219,ok,True
MRPS16,MRPS16,-97.02344512939453,ok,True
MRPS18A,MRPS18A,-83.55061340332031,ok,True
MRPS18B,MRPS18B,-87.39202880859375,ok,True
MRPS21,MRPS21,-94.2737045288086,ok,True
MRPS22,MRPS22,-89.4273910522461,ok,True
MRPS23,MRPS23,-96.5240249633789,ok,True
MRPS24,MRPS24,-93.54342651367188,ok,True
MRPS25,MRPS25,-97.28057861328125,ok,True
MRPS26,MRPS26,-94.99815368652344,ok,True
MRPS27,MRPS27,-94.22611236572266,ok,True
MRPS28,MRPS28,-86.54204559326172,ok,True
MRPS31,MRPS31,-91.40006256103516,ok,True
MRPS34,MRPS34,-92.27759552001953,ok,True
MRPS35,MRPS35,-93.38105010986328,ok,True
MRTO4,MRTO4,-78.49253845214844,ok,True
MSRB1,MSRB1,-93.22102355957031,ok,True
MST1,,,target_not_measured,False
MSTO1,MSTO1,-50.438602447509766,ok,True
MT2A,MT2A,-91.35334014892578,ok,True
MTBP,MTBP,-69.87922668457031,ok,True
MTG2,MTG2,-57.54471206665039,ok,True
MTOR,MTOR,-85.69702911376953,ok,True
MTPAP,MTPAP,-85.96619415283203,ok,True
MTRNR2L1,,,target_not_measured,False
MVD,MVD,-95.74337005615234,ok,True
MVK,MVK,-85.56915283203125,ok,True
MYBBP1A,MYBBP1A,-94.87488555908203,ok,True
MYBL2,MYBL2,-80.79166412353516,ok,True
MYC,MYC,-26.888587951660156,ok,True
MYCBP,MYCBP,-86.24378204345703,ok,True
MYO1H,,,target_not_measured,False
MZF1,MZF1,-78.42691802978516,ok,True
MZT1,MZT1,-91.25958251953125,ok,True
N6AMT1,N6AMT1,-84.2803726196289,ok,True
NAA10,NAA10,-89.5605239868164,ok,True
NAA15,NAA15,-88.08081817626953,ok,True
NAA20,NAA20,-88.67143249511719,ok,True
NAA25,NAA25,-89.16632080078125,ok,True
NAA35,NAA35,-87.95919799804688,ok,True
NAA38,NAA38,-21.524337768554688,ok,False
NAA50,NAA50,-83.91256713867188,ok,True
NACA,NACA,-90.91961669921875,ok,True
NAE1,NAE1,-96.61885833740234,ok,True
NAF1,NAF1,-81.32511901855469,ok,True
NAGLU,NAGLU,-79.32919311523438,ok,True
NANOG,,,target_not_measured,False
NAPG,NAPG,-82.52787017822266,ok,True
NARS,NARS,-84.33467864990234,ok,True
NASP,NASP,-80.73069763183594,ok,True
NAT10,NAT10,-91.92123413085938,ok,True
NBAS,NBAS,-84.7996597290039,ok,True
NBEAL1,NBEAL1,-35.888816833496094,ok,True
NBPF3,,,target_not_measured,False
NBPF12,,,target_not_measured,False
NBPF15,,,target_not_measured,False
NCAPD2,NCAPD2,-76.7593994140625,ok,True
NCAPD3,NCAPD3,-91.94718170166016,ok,True
NCAPG,NCAPG,-87.703857421875,ok,True
NCAPG2,NCAPG2,-95.05674743652344,ok,True
NCAPH,NCAPH,-91.4538803100586,ok,True
NCAPH2,NCAPH2,-89.40625762939453,ok,True
NCBP1,NCBP1,-79.0325927734375,ok,True
NCBP2,NCBP2,-69.28804016113281,ok,True
NCKAP1,NCKAP1,-85.34578704833984,ok,True
NCL,NCL,-66.552490234375,ok,True
NCOA4,NCOA4,-31.978342056274414,ok,True
NDC1,NDC1,-76.03153228759766,ok,True
NDC80,NDC80,-68.725341796875,ok,True
NDOR1,,,target_not_measured,False
NDUFA2,NDUFA2,-66.09595489501953,ok,True
NDUFA4,NDUFA4,-97.39669799804688,ok,True
NDUFA6,NDUFA6,-94.3644027709961,ok,True
NDUFA8,NDUFA8,-90.48282623291016,ok,True
NDUFA11,NDUFA11,-93.32881927490234,ok,True
NDUFAB1,NDUFAB1,-89.90968322753906,ok,True
NDUFAF3,NDUFAF3,-92.63327026367188,ok,True
NDUFB3,NDUFB3,-87.15400695800781,ok,True
NDUFB4,NDUFB4,-93.79176330566406,ok,True
NDUFB6,NDUFB6,-93.12483978271484,ok,True
NDUFB7,NDUFB7,-90.98304748535156,ok,True
NDUFB8,NDUFB8,-95.92427825927734,ok,True
NDUFB10,NDUFB10,-96.29124450683594,ok,True
NDUFS3,NDUFS3,-86.9127197265625,ok,True
NDUFS5,NDUFS5,-74.37852478027344,ok,True
NEDD1,NEDD1,-73.14010620117188,ok,True
NEDD8,NEDD8,-94.82860565185547,ok,True
NELFA,NELFA,-88.34187316894531,ok,True
NELFB,NELFB,-83.00774383544922,ok,True
NELFCD,NELFCD,-89.5475082397461,ok,True
NELFE,NELFE,-87.65239715576172,ok,True
NEMF,NEMF,-98.25437927246094,ok,True
NEPRO,NEPRO,-100.0,ok,True
NFATC2IP,NFATC2IP,-87.04884338378906,ok,True
NFKBIE,,,target_not_measured,False
NFRKB,NFRKB,-92.6144790649414,ok,True
NFS1,NFS1,-71.06787109375,ok,True
NHLRC2,NHLRC2,-97.5922622680664,ok,True
NHP2,NHP2,-88.11056518554688,ok,True
NIFK,NIFK,-91.58484649658203,ok,True
NIP7,NIP7,-85.12462615966797,ok,True
NISCH,NISCH,-87.93780517578125,ok,True
NKAP,NKAP,-83.185546875,ok,True
NLE1,NLE1,-90.01670837402344,ok,True
NMD3,NMD3,-80.56844329833984,ok,True
NOB1,NOB1,-85.69039154052734,ok,True
NOC3L,NOC3L,-81.93956756591797,ok,True
NOC4L,NOC4L,-92.2137451171875,ok,True
NOL6,NOL6,-67.88719940185547,ok,True
NOL7,NOL7,-78.82984161376953,ok,True
NOL8,NOL8,-93.1794204711914,ok,True
NOL9,NOL9,-95.78530883789062,ok,True
NOL11,NOL11,-86.96575164794922,ok,True
NOL12,NOL12,-84.07264709472656,ok,True
NOLC1,NOLC1,-95.34651947021484,ok,True
NOM1,NOM1,-79.58417510986328,ok,True
NOMO3,,,target_not_measured,False
NOP2,NOP2,-92.01122283935547,ok,True
NOP9,NOP9,-65.83433532714844,ok,True
NOP10,NOP10,-93.14747619628906,ok,True
NOP14,NOP14,-84.40315246582031,ok,True
NOP16,NOP16,-89.61932373046875,ok,True
NOP56,NOP56,-7.568160057067871,ok,False
NOP58,NOP58,-83.552490234375,ok,True
NOS1AP,,,target_not_measured,False
NPB,,,target_not_measured,False
NPEPPS,NPEPPS,-16.1031551361084,ok,False
NPLOC4,NPLOC4,-74.75006103515625,ok,True
NPM3,NPM3,-94.52314758300781,ok,True
NR2C2AP,NR2C2AP,-57.126426696777344,ok,True
NRBP1,NRBP1,-94.97367858886719,ok,True
NRDE2,NRDE2,-94.03787994384766,ok,True
NRF1,,,target_not_measured,False
NSA2,NSA2,-78.52681732177734,ok,True
NSF,NSF,-75.15068817138672,ok,True
NSL1,NSL1,-81.59359741210938,ok,True
NSMCE1,NSMCE1,-96.66551208496094,ok,True
NSMCE2,NSMCE2,-88.64595031738281,ok,True
NSRP1,NSRP1,-68.3470687866211,ok,True
NSUN4,NSUN4,-91.27388000488281,ok,True
NUBP1,NUBP1,-81.08824157714844,ok,True
NUBP2,NUBP2,-88.03671264648438,ok,True
NUDC,NUDC,-94.81285858154297,ok,True
NUDCD3,NUDCD3,-92.43011474609375,ok,True
NUDT21,NUDT21,-83.10897827148438,ok,True
NUF2,NUF2,-67.79328155517578,ok,True
NUFIP1,NUFIP1,-84.18029022216797,ok,True
NUMA1,NUMA1,-45.85557556152344,ok,True
NUP35,NUP35,-93.15985870361328,ok,True
NUP54,NUP54,-88.54389953613281,ok,True
NUP62,NUP62,-88.35126495361328,ok,True
NUP85,NUP85,-90.9451675415039,ok,True
NUP88,NUP88,-94.20459747314453,ok,True
NUP93,NUP93,-24.167438507080078,ok,False
NUP98,NUP98,-54.83517837524414,ok,True
NUP107,NUP107,-74.70336151123047,ok,True
NUP133,NUP133,-83.36251068115234,ok,True
NUP153,NUP153,-71.69001770019531,ok,True
NUP160,NUP160,-73.8236083984375,ok,True
NUP205,NUP205,-37.17401885986328,ok,True
NUP214,NUP214,-90.6512222290039,ok,True
NUS1,NUS1,-12.75484561920166,ok,False
NUTF2,NUTF2,-72.34709167480469,ok,True
NVL,NVL,-91.92445373535156,ok,True
NXF1,NXF1,-10.219199180603027,ok,False
OGFOD1,OGFOD1,-83.72875213623047,ok,True
OGT,OGT,-100.0,ok,True
OIP5,OIP5,-88.4733657836914,ok,True
OLFML3,,,target_not_measured,False
OPA1,OPA1,-87.90442657470703,ok,True
OR1D2,,,target_not_measured,False
OR1E2,,,target_not_measured,False
OR2A1,,,target_not_measured,False
OR2T5,,,target_not_measured,False
OR2T29,,,target_not_measured,False
OR4F4,,,target_not_measured,False
OR4N2,,,target_not_measured,False
OR7A10,,,target_not_measured,False
OR7A17,,,target_not_measured,False
ORC1,ORC1,-81.86370086669922,ok,True
ORC3,ORC3,-90.60688018798828,ok,True
ORC4,ORC4,-87.2125015258789,ok,True
ORC5,ORC5,-100.0,ok,True
ORC6,ORC6,-76.34271240234375,ok,True
OSBP,OSBP,-70.33553314208984,ok,True
OSGEP,OSGEP,-86.68921661376953,ok,True
OSTC,OSTC,-86.20855712890625,ok,True
OTOP1,,,target_not_measured,False
OTX1,,,target_not_measured,False
OVCA2,,,target_not_measured,False
OXA1L,OXA1L,-89.29398345947266,ok,True
PABPN1,PABPN1,-79.1118392944336,ok,True
PAF1,PAF1,-88.931640625,ok,True
PAFAH1B1,PAFAH1B1,-73.80099487304688,ok,True
PALB2,PALB2,-91.90412139892578,ok,True
PAM16,PAM16,-86.63467407226562,ok,True
PARN,PARN,-89.15615844726562,ok,True
PARS2,PARS2,-100.0,ok,True
PAXBP1,PAXBP1,-88.38182067871094,ok,True
PC,,,target_not_measured,False
PCBP1,PCBP1,-92.5381851196289,ok,True
PCBP2,PCBP2,-52.8258056640625,ok,True
PCF11,PCF11,-60.189815521240234,ok,True
PCID2,PCID2,-54.36581039428711,ok,True
PCNA,PCNA,-77.70221710205078,ok,True
PDAP1,PDAP1,-89.21345520019531,ok,True
PDCD2,PDCD2,-86.7478256225586,ok,True
PDCD5,PDCD5,-92.02507781982422,ok,True
PDCD6,PDCD6,-91.52325439453125,ok,True
PDCD6IP,PDCD6IP,-89.19988250732422,ok,True
PDCD7,PDCD7,-81.50528717041016,ok,True
PDCD11,PDCD11,-96.31145477294922,ok,True
PDPK1,PDPK1,-95.60047912597656,ok,True
PDRG1,PDRG1,-93.66741180419922,ok,True
PEF1,PEF1,-88.5193862915039,ok,True
PELO,PELO,-46.74449157714844,ok,True
PELP1,PELP1,-81.13321685791016,ok,True
PES1,PES1,-82.01569366455078,ok,True
PET117,PET117,-86.6724624633789,ok,True
PEX1,PEX1,-74.9701156616211,ok,True
PFDN1,PFDN1,-90.05115509033203,ok,True
PFDN2,PFDN2,-93.16624450683594,ok,True
PFDN4,PFDN4,-100.0,ok,True
PFDN5,PFDN5,-92.89241027832031,ok,True
PFDN6,PFDN6,-85.83396911621094,ok,True
PFN1,PFN1,-93.67376708984375,ok,True
PGAM1,PGAM1,-94.66148376464844,ok,True
PGD,PGD,-89.74784851074219,ok,True
PGK1,PGK1,-92.01367950439453,ok,True
PGPEP1,PGPEP1,-96.0910873413086,ok,True
PGS1,PGS1,-94.87907409667969,ok,True
PHAX,PHAX,-54.802799224853516,ok,True
PHB,PHB,-90.36524200439453,ok,True
PHB2,PHB2,-82.27082061767578,ok,True
PHF5A,PHF5A,-71.64017486572266,ok,True
PHF12,PHF12,-63.62403869628906,ok,True
PI4KA,PI4KA,-68.7695083618164,ok,True
PIAS4,PIAS4,-38.08716583251953,ok,True
PIGH,PIGH,-93.3656997680664,ok,True
PIK3C3,PIK3C3,-88.64501953125,ok,True
PIK3R4,PIK3R4,-88.59941864013672,ok,True
PKM,PKM,-42.37394714355469,ok,True
PKMYT1,PKMYT1,-90.22974395751953,ok,True
PLA2G10,,,target_not_measured,False
PLEKHN1,,,target_not_measured,False
PLK1,PLK1,-58.39714813232422,ok,True
PLK4,PLK4,-100.0,ok,True
PLRG1,PLRG1,-72.3623046875,ok,True
PMF1,PMF1,-96.93721771240234,ok,True
PMPCA,PMPCA,-82.54962158203125,ok,True
PMPCB,PMPCB,-76.82006072998047,ok,True
PNISR,PNISR,-58.87753677368164,ok,True
PNKP,PNKP,-87.83061218261719,ok,True
PNN,PNN,-82.30158233642578,ok,True
PNO1,PNO1,-84.58393859863281,ok,True
PNPT1,PNPT1,-87.32050323486328,ok,True
POGZ,POGZ,-100.0,ok,True
POLA1,POLA1,-66.27449035644531,ok,True
POLA2,POLA2,-76.46488189697266,ok,True
POLD1,POLD1,-91.79132080078125,ok,True
POLD2,POLD2,-86.05608367919922,ok,True
POLD3,POLD3,-90.6273193359375,ok,True
POLE,POLE,-85.81083679199219,ok,True
POLE2,POLE2,-85.65414428710938,ok,True
POLG2,POLG2,-97.37699890136719,ok,True
POLR1A,POLR1A,-80.67533111572266,ok,True
POLR1B,POLR1B,-93.08622741699219,ok,True
POLR1C,POLR1C,-73.30752563476562,ok,True
POLR1E,POLR1E,-89.49305725097656,ok,True
POLR2A,POLR2A,-63.38694763183594,ok,True
POLR2B,POLR2B,-75.51213073730469,ok,True
POLR2C,POLR2C,-67.94432067871094,ok,True
POLR2D,POLR2D,-43.69233322143555,ok,True
POLR2E,POLR2E,-53.487464904785156,ok,True
POLR2F,POLR2F,-75.32386016845703,ok,True
POLR2G,POLR2G,-89.18488311767578,ok,True
POLR2H,POLR2H,-83.28193664550781,ok,True
POLR2I,POLR2I,-82.61903381347656,ok,True
POLR2L,POLR2L,-83.28813171386719,ok,True
POLR3B,POLR3B,-84.1261978149414,ok,True
POLR3C,POLR3C,-89.37702941894531,ok,True
POLR3D,POLR3D,-86.16036987304688,ok,True
POLR3E,POLR3E,-78.25213623046875,ok,True
POLR3F,POLR3F,-77.03389739990234,ok,True
POLR3H,POLR3H,-79.5748062133789,ok,True
POLR3K,POLR3K,-95.55146026611328,ok,True
POLRMT,POLRMT,-94.53221130371094,ok,True
POP1,POP1,-94.5979232788086,ok,True
POP4,POP4,-84.12340545654297,ok,True
POP5,POP5,-80.7515869140625,ok,True
POP7,POP7,-93.94132995605469,ok,True
POTEI,,,target_not_measured,False
POU5F1B,,,target_not_measured,False
PPA1,PPA1,-93.98213195800781,ok,True
PPA2,PPA2,-95.84896850585938,ok,True
PPAN,PPAN,-86.73920440673828,ok,True
PPARGC1B,PPARGC1B,-73.39535522460938,ok,True
PPIA,PPIA,-92.00630950927734,ok,True
PPIE,PPIE,-88.8268051147461,ok,True
PPIH,PPIH,-88.77775573730469,ok,True
PPIL2,PPIL2,-86.34893035888672,ok,True
PPIL4,PPIL4,-92.65888214111328,ok,True
PPME1,PPME1,-92.28563690185547,ok,True
PPP1CA,PPP1CA,-27.81783676147461,ok,True
PPP1CB,PPP1CB,-79.04862976074219,ok,True
PPP1R2,PPP1R2,-87.43547821044922,ok,True
PPP1R7,PPP1R7,-64.09146118164062,ok,True
PPP1R8,PPP1R8,-86.58888244628906,ok,True
PPP1R11,PPP1R11,-78.60340118408203,ok,True
PPP1R12A,PPP1R12A,-62.536529541015625,ok,True
PPP1R15B,PPP1R15B,-82.54637145996094,ok,True
PPP2CA,PPP2CA,-84.14789581298828,ok,True
PPP2R1A,PPP2R1A,-57.880210876464844,ok,True
PPP2R3C,PPP2R3C,-75.63220977783203,ok,True
PPP4C,PPP4C,-87.82868957519531,ok,True
PPP4R2,PPP4R2,-88.03138732910156,ok,True
PPP6C,PPP6C,-82.71969604492188,ok,True
PPRC1,PPRC1,-80.88711547851562,ok,True
PRC1,PRC1,-66.41732025146484,ok,True
PREB,PREB,-93.4380111694336,ok,True
PRELID1,PRELID1,-79.29044342041016,ok,True
PRELID3B,PRELID3B,-85.5827865600586,ok,True
PRIM1,PRIM1,-84.88475036621094,ok,True
PRIM2,PRIM2,-92.02381134033203,ok,True
PRKRA,PRKRA,-76.68534851074219,ok,True
PRKRIP1,PRKRIP1,-0.5277190804481506,ok,False
PRMT1,PRMT1,-80.20532989501953,ok,True
PRMT5,PRMT5,-72.17840576171875,ok,True
PRODH,,,target_not_measured,False
PRORP,PRORP,-94.0678482055664,ok,True
PRPF3,PRPF3,-79.88932037353516,ok,True
PRPF4,PRPF4,-82.70777893066406,ok,True
PRPF4B,PRPF4B,-83.6505355834961,ok,True
PRPF6,PRPF6,-62.267845153808594,ok,True
PRPF8,PRPF8,-65.5121078491211,ok,True
PRPF18,PRPF18,-75.8996353149414,ok,True
PRPF19,PRPF19,-83.100830078125,ok,True
PRPF40A,PRPF40A,-87.34894561767578,ok,True
PRRC2A,PRRC2A,-93.63072204589844,ok,True
PSAT1,PSAT1,-96.36203002929688,ok,True
PSMA1,PSMA1,-47.048397064208984,ok,True
PSMA2,PSMA2,-62.630123138427734,ok,True
PSMA3,PSMA3,-66.21890258789062,ok,True
PSMA4,PSMA4,-75.39264678955078,ok,True
PSMA6,PSMA6,-51.56706237792969,ok,True
PSMA7,PSMA7,-53.010345458984375,ok,True
PSMB1,PSMB1,-72.63655853271484,ok,True
PSMB2,PSMB2,-81.67329406738281,ok,True
PSMB3,PSMB3,-75.95149993896484,ok,True
PSMB4,PSMB4,-52.386356353759766,ok,True
PSMB5,PSMB5,-73.9128646850586,ok,True
PSMB6,PSMB6,-55.30744171142578,ok,True
PSMB7,PSMB7,-59.258731842041016,ok,True
PSMC1,PSMC1,-59.1696662902832,ok,True
PSMC2,PSMC2,-68.47187805175781,ok,True
PSMC3,PSMC3,-73.66240692138672,ok,True
PSMC4,PSMC4,-66.03173828125,ok,True
PSMC6,PSMC6,-43.95705032348633,ok,True
PSMD1,PSMD1,-46.93755340576172,ok,True
PSMD2,PSMD2,-72.27424621582031,ok,True
PSMD3,PSMD3,-60.13298034667969,ok,True
PSMD4,PSMD4,-89.52371215820312,ok,True
PSMD6,PSMD6,-57.611026763916016,ok,True
PSMD7,PSMD7,-62.901947021484375,ok,True
PSMD9,PSMD9,-93.53003692626953,ok,True
PSMD11,PSMD11,-67.26728057861328,ok,True
PSMD12,PSMD12,-54.19662094116211,ok,True
PSMD13,PSMD13,-86.32575225830078,ok,True
PSME1,PSME1,-82.44656372070312,ok,True
PSME2,PSME2,-95.9203109741211,ok,True
PSMG1,PSMG1,-73.43489837646484,ok,True
PSMG2,PSMG2,-85.63835906982422,ok,True
PSMG3,PSMG3,-78.64724731445312,ok,True
PSMG4,PSMG4,-73.99667358398438,ok,True
PSTK,PSTK,-76.08213806152344,ok,True
PTBP1,PTBP1,-70.29876708984375,ok,True
PTCD1,PTCD1,-52.13107681274414,ok,True
PTCD3,PTCD3,-83.5449447631836,ok,True
PTK2,PTK2,-74.3613052368164,ok,True
PTMA,PTMA,-94.12596130371094,ok,True
PTPMT1,PTPMT1,-94.00809478759766,ok,True
PTPN23,PTPN23,-77.6109619140625,ok,True
PUF60,PUF60,-70.70671081542969,ok,True
PWP1,PWP1,-93.1353759765625,ok,True
PWP2,,,target_not_measured,False
PXN,PXN,-82.63460540771484,ok,True
PYROXD1,,,target_not_measured,False
QARS,QARS,-93.2230453491211,ok,True
QRSL1,QRSL1,-92.38754272460938,ok,True
RAB4A,RAB4A,-88.32701873779297,ok,True
RAB6A,RAB6A,-87.60233306884766,ok,True
RAB18,RAB18,-79.52454376220703,ok,True
RABGGTA,RABGGTA,-92.04076385498047,ok,True
RABGGTB,RABGGTB,-92.3236312866211,ok,True
RAC1,RAC1,-81.77082061767578,ok,True
RAC3,RAC3,-96.42020416259766,ok,True
RACGAP1,RACGAP1,-83.11357116699219,ok,True
RAD9A,RAD9A,-94.32393646240234,ok,True
RAD17,RAD17,-87.00308990478516,ok,True
RAD21,RAD21,-65.53589630126953,ok,True
RAD51,RAD51,-83.87433624267578,ok,True
RAD51C,RAD51C,-91.06841278076172,ok,True
RAD51D,RAD51D,-81.33193969726562,ok,True
RAE1,RAE1,-76.1069564819336,ok,True
RAN,RAN,-37.85432434082031,ok,True
RANBP2,RANBP2,-73.39466094970703,ok,True
RANGAP1,RANGAP1,-89.0015640258789,ok,True
RARS,RARS,-86.31658172607422,ok,True
RARS2,RARS2,-93.47957611083984,ok,True
RBBP4,RBBP4,-80.8935317993164,ok,True
RBBP6,RBBP6,-78.60629272460938,ok,True
RBBP8,RBBP8,-92.074951171875,ok,True
RBM4,RBM4,-57.33855438232422,ok,True
RBM8A,RBM8A,-58.83324432373047,ok,True
RBM10,RBM10,-93.06874084472656,ok,True
RBM14,RBM14,-80.6845474243164,ok,True
RBM17,RBM17,-81.0121841430664,ok,True
RBM19,RBM19,-74.95596313476562,ok,True
RBM25,RBM25,-87.39606475830078,ok,True
RBM28,RBM28,-90.43830108642578,ok,True
RBM39,RBM39,-73.25483703613281,ok,True
RBM42,RBM42,-83.19664001464844,ok,True
RBM48,RBM48,-100.0,ok,True
RBMX,RBMX,-82.4146728515625,ok,True
RBMX2,RBMX2,-78.49492645263672,ok,True
RBMXL1,RBMXL1,-93.14871215820312,ok,True
RBX1,RBX1,-79.56159210205078,ok,True
RCC1,RCC1,-56.892730712890625,ok,True
RCL1,RCL1,-90.89696502685547,ok,True
RCOR1,RCOR1,-13.261321067810059,ok,False
REV3L,REV3L,-62.02882385253906,ok,True
REXO2,REXO2,-88.34522247314453,ok,True
RFC1,RFC1,-74.1523208618164,ok,True
RFC2,RFC2,-91.39811706542969,ok,True
RFC3,RFC3,-92.15148162841797,ok,True
RFC4,RFC4,-79.6043472290039,ok,True
RFC5,RFC5,-87.2400894165039,ok,True
RFT1,RFT1,-93.0006103515625,ok,True
RGP1,RGP1,-18.22381019592285,ok,False
RGPD6,,,target_not_measured,False
RHOQ,RHOQ,-73.85064697265625,ok,True
RHPN1,,,target_not_measured,False
RINT1,RINT1,-97.27239990234375,ok,True
RIOK1,RIOK1,-85.21150207519531,ok,True
RIOK2,RIOK2,-89.33726501464844,ok,True
RMI1,RMI1,-89.53341674804688,ok,True
RNASEH2C,RNASEH2C,-90.40300750732422,ok,True
RNF4,RNF4,-58.267269134521484,ok,True
RNF8,RNF8,-94.40032196044922,ok,True
RNF14,RNF14,-86.26933288574219,ok,True
RNF20,RNF20,-89.47006225585938,ok,True
RNF40,RNF40,-87.11275482177734,ok,True
RNF103,,,target_not_measured,False
RNF113A,RNF113A,-80.66656494140625,ok,True
RNF123,RNF123,-88.7640151977539,ok,True
RNF168,RNF168,-50.88418960571289,ok,True
RNGTT,RNGTT,-91.30209350585938,ok,True
RNMT,RNMT,-86.47911071777344,ok,True
RNPC3,RNPC3,-100.0,ok,True
RNPS1,RNPS1,-58.595848083496094,ok,True
ROMO1,ROMO1,-92.82953643798828,ok,True
RPA1,RPA1,-53.75651168823242,ok,True
RPA2,RPA2,-83.50340270996094,ok,True
RPA3,RPA3,-80.25196838378906,ok,True
RPAIN,RPAIN,-88.68418884277344,ok,True
RPAP1,RPAP1,-92.37992858886719,ok,True
RPAP2,RPAP2,-90.03010559082031,ok,True
RPE,RPE,-93.68623352050781,ok,True
RPF1,RPF1,-84.68020629882812,ok,True
RPF2,RPF2,-87.4150619506836,ok,True
RPL3,RPL3,-33.98264694213867,ok,True
RPL4,RPL4,-86.20115661621094,ok,True
RPL5,RPL5,-87.44609832763672,ok,True
RPL6,RPL6,-93.8169174194336,ok,True
RPL7,RPL7,-88.37796783447266,ok,True
RPL7L1,RPL7L1,-86.54808044433594,ok,True
RPL8,RPL8,-85.3301773071289,ok,True
RPL9,RPL9,-83.54436492919922,ok,True
RPL10,RPL10,-84.35635375976562,ok,True
RPL10A,RPL10A,-86.38247680664062,ok,True
RPL11,RPL11,-87.1297836303711,ok,True
RPL12,RPL12,-82.27738189697266,ok,True
RPL13,RPL13,-84.3834228515625,ok,True
RPL13A,RPL13A,-66.00989532470703,ok,True
RPL14,RPL14,-92.71612548828125,ok,True
RPL15,RPL15,-86.52816772460938,ok,True
RPL17,RPL17,-94.10736846923828,ok,True
RPL18,RPL18,-86.58063507080078,ok,True
RPL18A,RPL18A,-83.16731262207031,ok,True
RPL19,RPL19,-92.4276351928711,ok,True
RPL21,RPL21,-85.57141876220703,ok,True
RPL23,RPL23,-92.50621032714844,ok,True
RPL23A,RPL23A,-92.46701049804688,ok,True
RPL24,RPL24,-93.16619110107422,ok,True
RPL26,RPL26,-93.8591079711914,ok,True
RPL26L1,RPL26L1,-95.04115295410156,ok,True
RPL27,RPL27,-96.33860778808594,ok,True
RPL27A,RPL27A,-90.91447448730469,ok,True
RPL28,RPL28,-95.39728546142578,ok,True
RPL29,RPL29,-93.59031677246094,ok,True
RPL30,RPL30,-87.78463745117188,ok,True
RPL31,RPL31,-89.45486450195312,ok,True
RPL32,RPL32,-86.14264678955078,ok,True
RPL34,RPL34,-87.28553771972656,ok,True
RPL35,RPL35,-83.45569610595703,ok,True
RPL35A,RPL35A,-81.9454116821289,ok,True
RPL36,RPL36,-92.8587646484375,ok,True
RPL36A,RPL36A,-92.2375259399414,ok,True
RPL36AL,RPL36AL,-92.32931518554688,ok,True
RPL37,RPL37,-80.69075012207031,ok,True
RPL37A,RPL37A,-85.32643127441406,ok,True
RPL38,RPL38,-91.25932312011719,ok,True
RPL39,RPL39,-90.1874008178711,ok,True
RPL41,RPL41,-95.63848876953125,ok,True
RPLP0,RPLP0,-88.36908721923828,ok,True
RPLP1,RPLP1,-89.82779693603516,ok,True
RPLP2,RPLP2,-89.88368225097656,ok,True
RPN1,RPN1,-84.78540802001953,ok,True
RPN2,RPN2,-86.53540802001953,ok,True
RPP14,RPP14,-86.78582000732422,ok,True
RPP21,RPP21,-96.67164611816406,ok,True
RPP30,RPP30,-95.10665893554688,ok,True
RPP38,RPP38,-78.73099517822266,ok,True
RPP40,RPP40,-100.0,ok,True
RPS2,RPS2,-92.83019256591797,ok,True
RPS3,RPS3,-94.88007354736328,ok,True
RPS3A,RPS3A,-83.38068389892578,ok,True
RPS4X,RPS4X,-95.4752426147461,ok,True
RPS5,RPS5,-92.06685638427734,ok,True
RPS6,RPS6,-94.69381713867188,ok,True
RPS7,RPS7,-90.04944610595703,ok,True
RPS9,RPS9,-88.1731185913086,ok,True
RPS10,RPS10,-84.86653137207031,ok,True
RPS10-NUDT3,,,target_not_measured,False
RPS11,RPS11,-91.4097671508789,ok,True
RPS12,RPS12,-92.0767822265625,ok,True
RPS13,RPS13,-92.88224792480469,ok,True
RPS14,RPS14,-85.63834381103516,ok,True
RPS15A,RPS15A,-88.17066192626953,ok,True
RPS16,RPS16,-90.71106719970703,ok,True
RPS17,RPS17,-76.97811889648438,ok,True
RPS18,RPS18,-94.95884704589844,ok,True
RPS19,RPS19,-93.53707885742188,ok,True
RPS19BP1,RPS19BP1,-95.33959197998047,ok,True
RPS20,RPS20,-77.9152603149414,ok,True
RPS21,RPS21,-81.81829071044922,ok,True
RPS23,RPS23,-91.77320861816406,ok,True
RPS24,RPS24,-93.15396881103516,ok,True
RPS25,RPS25,-76.17074584960938,ok,True
RPS26,RPS26,-92.28772735595703,ok,True
RPS27,RPS27,-90.83523559570312,ok,True
RPS27A,RPS27A,-92.99453735351562,ok,True
RPS28,RPS28,-84.59034729003906,ok,True
RPS29,RPS29,-68.00726318359375,ok,True
RPSA,RPSA,-86.94548034667969,ok,True
RPTOR,RPTOR,-91.25799560546875,ok,True
RPUSD3,RPUSD3,-95.24443817138672,ok,True
RPUSD4,RPUSD4,-85.89478302001953,ok,True
RRM1,RRM1,-57.271522521972656,ok,True
RRM2,RRM2,-32.65642166137695,ok,True
RRN3,RRN3,-91.30961608886719,ok,True
RRP1,RRP1,-89.20044708251953,ok,True
RRP7A,RRP7A,-88.46732330322266,ok,True
RRP9,RRP9,-85.3789291381836,ok,True
RRP12,RRP12,-81.30941009521484,ok,True
RRP15,RRP15,-75.31010437011719,ok,True
RRS1,RRS1,-89.9354248046875,ok,True
RSL1D1,RSL1D1,-69.39337158203125,ok,True
RSL24D1,RSL24D1,-75.32278442382812,ok,True
RSRC2,RSRC2,-79.09075927734375,ok,True
RTCB,RTCB,-91.63272094726562,ok,True
RTEL1,RTEL1,-77.48847198486328,ok,True
RTF1,RTF1,-82.44503784179688,ok,True
RTTN,RTTN,21.940582275390625,ok,False
RUVBL1,RUVBL1,-89.5806884765625,ok,True
SACM1L,SACM1L,-92.4110107421875,ok,True
SAE1,SAE1,-88.26980590820312,ok,True
SAMM50,SAMM50,-92.53992462158203,ok,True
SAP18,SAP18,-85.80873107910156,ok,True
SAP30BP,SAP30BP,-41.212135314941406,ok,True
SAP130,SAP130,-43.1963996887207,ok,True
SARNP,SARNP,-90.35895538330078,ok,True
SARS2,SARS2,-73.28063201904297,ok,True
SART1,SART1,-50.12846755981445,ok,True
SART3,SART3,-89.79432678222656,ok,True
SASS6,SASS6,-83.68197631835938,ok,True
SBDS,SBDS,-84.24383544921875,ok,True
SBNO1,SBNO1,-79.79519653320312,ok,True
SCAF1,SCAF1,-80.92071533203125,ok,True
SCAP,SCAP,-88.38707733154297,ok,True
SCFD1,SCFD1,-65.93968963623047,ok,True
SCNM1,SCNM1,-86.91529846191406,ok,True
SDAD1,SDAD1,-88.64872741699219,ok,True
SDC1,,,target_not_measured,False
SDE2,SDE2,-83.4988784790039,ok,True
SDHA,SDHA,-89.45204162597656,ok,True
SDHAF2,SDHAF2,-73.53582000732422,ok,True
SDHC,SDHC,-91.23345947265625,ok,True
SDHD,SDHD,-62.831207275390625,ok,True
SEC13,SEC13,-79.26921081542969,ok,True
SEC16A,SEC16A,-61.58415222167969,ok,True
SEC61A1,SEC61A1,-59.303627014160156,ok,True
SEC61B,SEC61B,-87.25326538085938,ok,True
SEC61G,SEC61G,-87.80941009521484,ok,True
SEC63,SEC63,-80.43254089355469,ok,True
SEH1L,SEH1L,-97.22039031982422,ok,True
SEM1,SEM1,-92.23941802978516,ok,True
SENP6,SENP6,-86.94853210449219,ok,True
SEPHS2,SEPHS2,-92.1576919555664,ok,True
SEPSECS,SEPSECS,-90.99137878417969,ok,True
SERBP1,SERBP1,-87.05278015136719,ok,True
SETD1A,SETD1A,-49.74946975708008,ok,True
SETD2,SETD2,-77.86784362792969,ok,True
SETDB1,SETDB1,-97.35576629638672,ok,True
SF1,SF1,-61.71474838256836,ok,True
SF3A1,SF3A1,-40.3763542175293,ok,True
SF3A2,SF3A2,-61.891056060791016,ok,True
SF3B1,SF3B1,-43.89617919921875,ok,True
SF3B2,SF3B2,-48.97880172729492,ok,True
SF3B3,SF3B3,-46.915645599365234,ok,True
SF3B4,SF3B4,-45.948036193847656,ok,True
SF3B5,SF3B5,-79.54000854492188,ok,True
SFPQ,SFPQ,-67.24519348144531,ok,True
SFSWAP,SFSWAP,-85.39259338378906,ok,True
SGPP1,,,target_not_measured,False
SHQ1,SHQ1,-80.56736755371094,ok,True
SIGLEC14,,,target_not_measured,False
SIN3A,SIN3A,-27.447547912597656,ok,True
SKA1,SKA1,-100.0,ok,True
SKA3,SKA3,-87.74121856689453,ok,True
SKP1,SKP1,-94.1375732421875,ok,True
SKP2,SKP2,-92.13894653320312,ok,True
SLBP,SLBP,-82.31510162353516,ok,True
SLC1A5,SLC1A5,-76.66767120361328,ok,True
SLC4A5,,,target_not_measured,False
SLC7A5,SLC7A5,-80.24163055419922,ok,True
SLC7A6OS,SLC7A6OS,-87.10659790039062,ok,True
SLC9B1,,,target_not_measured,False
SLC16A5,,,target_not_measured,False
SLC25A3,SLC25A3,-90.01589965820312,ok,True
SLC25A10,SLC25A10,-1.9494624137878418,ok,False
SLC25A26,SLC25A26,2.684248447418213,ok,False
SLC35B1,SLC35B1,-81.1509780883789,ok,True
SLC35G6,,,target_not_measured,False
SLC39A7,SLC39A7,-93.27140045166016,ok,True
SLC39A9,SLC39A9,-79.28302001953125,ok,True
SLC39A10,SLC39A10,-88.31403350830078,ok,True
SLU7,SLU7,-72.28816223144531,ok,True
SMAGP,SMAGP,-72.76163482666016,ok,True
SMARCB1,SMARCB1,-50.97361373901367,ok,True
SMARCE1,SMARCE1,-92.23802185058594,ok,True
SMC1A,SMC1A,-92.36174011230469,ok,True
SMC2,SMC2,-83.16840362548828,ok,True
SMC3,SMC3,-82.7153549194336,ok,True
SMC4,SMC4,-66.33642578125,ok,True
SMC5,SMC5,-88.61829376220703,ok,True
SMC6,SMC6,-91.95722961425781,ok,True
SMG1,SMG1,-44.238460540771484,ok,True
SMG5,SMG5,-96.2289810180664,ok,True
SMG6,SMG6,-83.35330200195312,ok,True
SMN2,,,target_not_measured,False
SMU1,SMU1,-58.62948226928711,ok,True
SMUG1,SMUG1,-96.49588775634766,ok,True
SNAPC1,SNAPC1,-100.0,ok,True
SNAPC2,SNAPC2,-55.81800842285156,ok,True
SNAPC3,SNAPC3,-77.38561248779297,ok,True
SNAPC4,SNAPC4,24.974863052368164,ok,False
SNAPC5,SNAPC5,-70.1142349243164,ok,True
SNF8,SNF8,-93.11018371582031,ok,True
SNIP1,SNIP1,-90.81581115722656,ok,True
SNRNP25,SNRNP25,-92.27233123779297,ok,True
SNRNP27,SNRNP27,-86.50131225585938,ok,True
SNRNP35,SNRNP35,-87.44448852539062,ok,True
SNRNP40,SNRNP40,-93.17748260498047,ok,True
SNRNP48,SNRNP48,-89.2421646118164,ok,True
SNRNP70,SNRNP70,-75.9216537475586,ok,True
SNRNP200,SNRNP200,-68.46755981445312,ok,True
SNRPA1,SNRPA1,-60.83425521850586,ok,True
SNRPB,SNRPB,-53.12480545043945,ok,True
SNRPC,SNRPC,-87.07471466064453,ok,True
SNRPD1,SNRPD1,-84.67440032958984,ok,True
SNRPD3,SNRPD3,-65.15067291259766,ok,True
SNRPE,SNRPE,-78.45781707763672,ok,True
SNRPF,SNRPF,-80.59779357910156,ok,True
SNRPG,SNRPG,-84.5509262084961,ok,True
SNUPN,SNUPN,-88.30521392822266,ok,True
SNW1,SNW1,-37.71600341796875,ok,True
SNX15,SNX15,-31.821014404296875,ok,True
SOD1,SOD1,-96.34741973876953,ok,True
SOD2,SOD2,-89.74254608154297,ok,True
SON,SON,-57.58174133300781,ok,True
SP2,SP2,-83.54023742675781,ok,True
SPATA5,SPATA5,-67.14701843261719,ok,True
SPATA5L1,SPATA5L1,-92.45610809326172,ok,True
SPC24,SPC24,-95.33399963378906,ok,True
SPC25,SPC25,-88.06340789794922,ok,True
SPCS2,SPCS2,-93.0992431640625,ok,True
SPCS3,SPCS3,-77.2092514038086,ok,True
SPDL1,SPDL1,-82.89082336425781,ok,True
SPDYE2,,,target_not_measured,False
SPRTN,SPRTN,-77.3113021850586,ok,True
SPTSSA,SPTSSA,-93.32353210449219,ok,True
SRBD1,SRBD1,-84.04148864746094,ok,True
SRCAP,SRCAP,-23.5561466217041,ok,False
SRF,SRF,-81.22901916503906,ok,True
SRFBP1,SRFBP1,-93.76605224609375,ok,True
SRP9,SRP9,-92.66429138183594,ok,True
SRP14,SRP14,-89.91238403320312,ok,True
SRP19,SRP19,-89.17365264892578,ok,True
SRP54,SRP54,-93.52937316894531,ok,True
SRP68,SRP68,-90.17699432373047,ok,True
SRP72,SRP72,-93.7999038696289,ok,True
SRPRB,SRPRB,-90.51041412353516,ok,True
SRRM1,SRRM1,-84.05094146728516,ok,True
SRRM2,SRRM2,-83.15699768066406,ok,True
SRRT,SRRT,-85.1798095703125,ok,True
SRSF1,SRSF1,-83.94727325439453,ok,True
SRSF2,SRSF2,-62.361785888671875,ok,True
SRSF6,SRSF6,-85.5526123046875,ok,True
SRSF7,SRSF7,-89.13296508789062,ok,True
SRSF10,SRSF10,-92.94883728027344,ok,True
SRSF11,SRSF11,-34.459800720214844,ok,True
SS18L2,SS18L2,-94.44844055175781,ok,True
SSBP1,SSBP1,-92.8577880859375,ok,True
SSBP3,SSBP3,-32.295963287353516,ok,True
SSRP1,SSRP1,-87.1013412475586,ok,True
SSU72,SSU72,-78.71112060546875,ok,True
SSX4,,,target_not_measured,False
STARD7,STARD7,-90.15679931640625,ok,True
STAT5A,STAT5A,-79.0432357788086,ok,True
STIL,STIL,-75.52276611328125,ok,True
STRAP,STRAP,-93.11636352539062,ok,True
STRIP1,STRIP1,-89.10767364501953,ok,True
STX5,STX5,-78.551025390625,ok,True
STX18,STX18,-70.45795440673828,ok,True
SUGP1,SUGP1,-92.4638900756836,ok,True
SUGT1,SUGT1,-93.93032836914062,ok,True
SUMO2,SUMO2,-76.8332290649414,ok,True
SUPT4H1,SUPT4H1,-77.38507843017578,ok,True
SUPT5H,SUPT5H,-86.66275024414062,ok,True
SUPT6H,SUPT6H,-83.74188995361328,ok,True
SUPT16H,SUPT16H,-93.18844604492188,ok,True
SUPV3L1,SUPV3L1,-86.0008773803711,ok,True
SURF6,SURF6,-88.14429473876953,ok,True
SYF2,SYF2,-86.6298828125,ok,True
SYMPK,SYMPK,-81.05733489990234,ok,True
SYS1,SYS1,-93.56932067871094,ok,True
TACC3,TACC3,-38.03403854370117,ok,True
TADA2A,TADA2A,-78.1908187866211,ok,True
TADA3,TADA3,-93.52879333496094,ok,True
TAF1,TAF1,-83.40442657470703,ok,True
TAF1B,TAF1B,-91.71198272705078,ok,True
TAF1C,TAF1C,-62.64131164550781,ok,True
TAF1D,TAF1D,-78.87567138671875,ok,True
TAF2,TAF2,-86.9019546508789,ok,True
TAF5,TAF5,-90.31105041503906,ok,True
TAF6,TAF6,-95.94164276123047,ok,True
TAF7,TAF7,-90.92391204833984,ok,True
TAF8,TAF8,-79.71778106689453,ok,True
TAF10,TAF10,-97.54795837402344,ok,True
TAF12,TAF12,-95.55293273925781,ok,True
TAMM41,TAMM41,-95.16136169433594,ok,True
TANGO6,,,target_not_measured,False
TARDBP,TARDBP,-87.08186340332031,ok,True
TARS,TARS,-91.04496002197266,ok,True
TARS2,TARS2,-80.2711410522461,ok,True
TBC1D3,,,target_not_measured,False
TBC1D28,,,target_not_measured,False
TBCA,TBCA,-95.67121887207031,ok,True
TBCB,TBCB,-92.53146362304688,ok,True
TBCC,TBCC,-65.36127471923828,ok,True
TBCE,TBCE_ENSG00000285053,-3.714179515838623,ok,False
TBL3,TBL3,-89.26982116699219,ok,True
TBP,TBP,-81.55113983154297,ok,True
TCERG1,TCERG1,-91.645263671875,ok,True
TCOF1,TCOF1,-91.8592758178711,ok,True
TCP1,TCP1,-92.42317199707031,ok,True
TDGF1,,,target_not_measured,False
TEAD3,,,target_not_measured,False
TEFM,TEFM,-82.52874755859375,ok,True
TELO2,TELO2,-96.95980072021484,ok,True
TEN1,TEN1,-72.28595733642578,ok,True
TERF1,TERF1,-75.45208740234375,ok,True
TERF2,TERF2,-88.69367218017578,ok,True
TEX10,TEX10,-91.1689453125,ok,True
TFAM,TFAM,-96.81053924560547,ok,True
TFB2M,TFB2M,-58.43901443481445,ok,True
TFDP1,TFDP1,-92.01070404052734,ok,True
TFIP11,TFIP11,-88.6651840209961,ok,True
TFRC,TFRC,-67.48854064941406,ok,True
TGS1,TGS1,-89.10919952392578,ok,True
THAP1,THAP1,-93.29017639160156,ok,True
THAP11,THAP11,-89.44062042236328,ok,True
THG1L,THG1L,-100.0,ok,True
THOC1,THOC1,-74.34730529785156,ok,True
THOC2,THOC2,-86.90394592285156,ok,True
THOC3,THOC3,-88.911865234375,ok,True
THOC5,THOC5,-83.60576629638672,ok,True
THOC6,THOC6,-98.7100601196289,ok,True
THOC7,THOC7,-85.68528747558594,ok,True
TICRR,TICRR,-75.67829132080078,ok,True
TIGD1,,,target_not_measured,False
TIMELESS,TIMELESS,-90.67572784423828,ok,True
TIMM8A,TIMM8A,-88.88206481933594,ok,True
TIMM9,TIMM9,-89.4395523071289,ok,True
TIMM10,TIMM10,-85.87770080566406,ok,True
TIMM13,TIMM13,-90.48734283447266,ok,True
TIMM22,TIMM22,-87.27348327636719,ok,True
TIMM23B,TIMM23B,-69.61610412597656,ok,True
TIMM44,TIMM44,-76.75434112548828,ok,True
TINF2,TINF2,-86.38539123535156,ok,True
TIPIN,TIPIN,-88.42240905761719,ok,True
TKT,TKT,-59.23691177368164,ok,True
TLCD1,TLCD1,-90.24131774902344,ok,True
TLN1,TLN1,-82.85746765136719,ok,True
TM7SF2,TM7SF2,-82.83618927001953,ok,True
TMA16,TMA16,-93.71490478515625,ok,True
TMED2,TMED2,-89.53031921386719,ok,True
TMEM127,TMEM127,-90.79553985595703,ok,True
TMEM199,TMEM199,-79.31131744384766,ok,True
TMEM240,,,target_not_measured,False
TMEM258,TMEM258,-84.64364624023438,ok,True
TMSB10,TMSB10,-92.67989349365234,ok,True
TMX2,TMX2,-89.57083892822266,ok,True
TNPO3,TNPO3,-90.48802185058594,ok,True
TOE1,TOE1,-94.80269622802734,ok,True
TOMM20,TOMM20,-93.97322845458984,ok,True
TOMM22,TOMM22,-90.09385681152344,ok,True
TOMM40,TOMM40,-86.00460052490234,ok,True
TOP1,TOP1,-82.802978515625,ok,True
TOP2A,TOP2A,-91.08259582519531,ok,True
TOP3A,TOP3A,-89.49082946777344,ok,True
TOPBP1,TOPBP1,-74.06035614013672,ok,True
TOR2A,TOR2A,-100.0,ok,True
TP53RK,TP53RK,-91.83460998535156,ok,True
TPI1,TPI1,-73.77240753173828,ok,True
TPR,TPR,-88.9266586303711,ok,True
TPRKB,TPRKB,-89.99543762207031,ok,True
TPT1,TPT1,-86.8311767578125,ok,True
TPX2,TPX2,-79.46102905273438,ok,True
TRA2B,TRA2B,-79.26597595214844,ok,True
TRAIP,TRAIP,-83.02543640136719,ok,True
TRAPPC1,TRAPPC1,-88.66548919677734,ok,True
TRAPPC3,TRAPPC3,-91.03728485107422,ok,True
TRAPPC4,TRAPPC4,-88.3324203491211,ok,True
TRAPPC5,TRAPPC5,-94.95921325683594,ok,True
TRAPPC8,TRAPPC8,-87.36595916748047,ok,True
TRAPPC11,TRAPPC11,-82.24253845214844,ok,True
TREML2,,,target_not_measured,False
TREX2,,,target_not_measured,False
TRIAP1,TRIAP1,-91.04515075683594,ok,True
TRIM49C,,,target_not_measured,False
TRMT5,TRMT5,-97.51875305175781,ok,True
TRMT6,TRMT6,-93.35460662841797,ok,True
TRMT10C,TRMT10C,-88.8923110961914,ok,True
TRMT112,TRMT112,-87.53722381591797,ok,True
TRNP1,,,target_not_measured,False
TRNT1,TRNT1,-88.09478759765625,ok,True
TRPM7,TRPM7,-89.92768096923828,ok,True
TRRAP,TRRAP,-72.27195739746094,ok,True
TSEN2,TSEN2,-86.09776306152344,ok,True
TSEN34,TSEN34,-61.912803649902344,ok,True
TSEN54,TSEN54,-96.66050720214844,ok,True
TSFM,TSFM,-94.19383239746094,ok,True
TSG101,TSG101,-90.95343017578125,ok,True
TSPYL5,TSPYL5,-84.61557006835938,ok,True
TSR1,TSR1,-63.38064193725586,ok,True
TSR2,TSR2,-84.3717041015625,ok,True
TSSK3,,,target_not_measured,False
TTC1,TTC1,-95.01836395263672,ok,True
TTC4,TTC4,-90.09607696533203,ok,True
TTC27,TTC27,-92.30567169189453,ok,True
TTF2,TTF2,-94.96969604492188,ok,True
TTI1,TTI1,-91.40148162841797,ok,True
TTI2,TTI2,-26.29574966430664,ok,True
TTK,TTK,-81.75397491455078,ok,True
TUBA1B,TUBA1B,-90.81293487548828,ok,True
TUBA1C,TUBA1C,-88.54837036132812,ok,True
TUBA3D,,,target_not_measured,False
TUBB,TUBB,-76.87258911132812,ok,True
TUBD1,TUBD1,-89.8798828125,ok,True
TUBE1,TUBE1,-88.1904067993164,ok,True
TUBGCP2,TUBGCP2,-90.27357482910156,ok,True
TUBGCP3,TUBGCP3,-100.0,ok,True
TUBGCP4,TUBGCP4,-77.2350845336914,ok,True
TUBGCP5,TUBGCP5,-80.47026062011719,ok,True
TUBGCP6,TUBGCP6,-69.86925506591797,ok,True
TULP1,,,target_not_measured,False
TUT1,TUT1,-33.59716033935547,ok,True
TVP23C,,,target_not_measured,False
TWF1,TWF1,-65.16801452636719,ok,True
TWISTNB,TWISTNB,-81.43557739257812,ok,True
TXN,TXN,-88.14161682128906,ok,True
TXNL4A,TXNL4A,-87.48030853271484,ok,True
TXNL4B,TXNL4B,-78.78295135498047,ok,True
U2AF1,,,target_not_measured,False
U2AF2,U2AF2,-59.62160873413086,ok,True
U2SURP,U2SURP,-93.02434539794922,ok,True
UBA1,UBA1,-74.98908233642578,ok,True
UBA2,UBA2,-84.80794525146484,ok,True
UBA3,UBA3,-97.73677062988281,ok,True
UBA5,UBA5,-89.05360412597656,ok,True
UBA52,UBA52,-70.43206787109375,ok,True
UBAP1,UBAP1,-90.87477111816406,ok,True
UBC,UBC,-63.43960189819336,ok,True
UBE2D3,UBE2D3,-91.5964126586914,ok,True
UBE2H,UBE2H,-76.80973815917969,ok,True
UBE2I,UBE2I,-76.04009246826172,ok,True
UBE2L3,UBE2L3,-93.40777587890625,ok,True
UBE2M,UBE2M,-53.72675704956055,ok,True
UBE2N,UBE2N,-78.26974487304688,ok,True
UBE2Z,UBE2Z,-92.24034118652344,ok,True
UBL5,UBL5,-89.29100036621094,ok,True
UBQLN4,UBQLN4,-87.2103271484375,ok,True
UBR5,UBR5,-81.80699920654297,ok,True
UBTF,UBTF,-26.942081451416016,ok,True
UFL1,UFL1,-94.3033676147461,ok,True
UFM1,UFM1,-92.80030059814453,ok,True
UNC45A,UNC45A,-29.832006454467773,ok,True
UNC50,UNC50,-92.17416381835938,ok,True
UPF1,UPF1,-79.68138885498047,ok,True
UPF2,UPF2,-78.34209442138672,ok,True
UPF3A,UPF3A,-74.38764190673828,ok,True
UQCC2,UQCC2,-88.58766174316406,ok,True
UQCRB,UQCRB,-94.43241882324219,ok,True
UQCRC1,UQCRC1,-41.2620964050293,ok,True
UQCRC2,UQCRC2,-96.6036605834961,ok,True
UQCRFS1,UQCRFS1,-94.29044342041016,ok,True
UQCRH,UQCRH,-91.70140075683594,ok,True
UQCRQ,UQCRQ,-92.89806365966797,ok,True
URB1,URB1,-97.8486328125,ok,True
URB2,URB2,-90.50597381591797,ok,True
URI1,URI1,-79.79380798339844,ok,True
URM1,URM1,-83.0804672241211,ok,True
UROD,UROD,-93.1894760131836,ok,True
USF2,USF2,-55.425601959228516,ok,True
USP5,USP5,-63.33168029785156,ok,True
USP7,USP7,-51.32477951049805,ok,True
USP8,USP8,-71.3691177368164,ok,True
USP9X,USP9X,-74.11671447753906,ok,True
USP10,USP10,-70.92593383789062,ok,True
USP19,USP19,-47.85239028930664,ok,True
USP36,USP36,-68.38034057617188,ok,True
USP37,USP37,-89.14883422851562,ok,True
USP39,USP39,-63.7470817565918,ok,True
USPL1,USPL1,-85.25753021240234,ok,True
UTP6,UTP6,-94.07074737548828,ok,True
UTP15,UTP15,-82.54352569580078,ok,True
UTP18,UTP18,-78.68429565429688,ok,True
UTP20,UTP20,-86.92971801757812,ok,True
UTP23,UTP23,-96.59523010253906,ok,True
UXS1,UXS1,-78.2769546508789,ok,True
UXT,UXT,-96.12154388427734,ok,True
VARS,VARS,-89.45587921142578,ok,True
VARS2,VARS2,-88.31375885009766,ok,True
VBP1,VBP1,-87.96184539794922,ok,True
VCP,VCP,-24.799530029296875,ok,False
VEZT,VEZT,-84.86431884765625,ok,True
VHL,VHL,-81.260498046875,ok,True
VMP1,VMP1,-31.78221893310547,ok,True
VPS13D,VPS13D,-92.62083435058594,ok,True
VPS18,,,target_not_measured,False
VPS25,VPS25,-91.71187591552734,ok,True
VPS28,VPS28,-81.91889190673828,ok,True
VPS29,VPS29,-93.34370422363281,ok,True
VPS33A,VPS33A,-89.75310516357422,ok,True
VPS35,VPS35,-95.83256530761719,ok,True
VPS37A,VPS37A,-97.047607421875,ok,True
VPS37C,VPS37C,-79.09535217285156,ok,True
VPS41,VPS41,-77.5943832397461,ok,True
VPS51,VPS51,-86.51202392578125,ok,True
VPS54,VPS54,-68.91150665283203,ok,True
VPS72,VPS72,-93.42875671386719,ok,True
WAC,WAC,-60.88917541503906,ok,True
WARS,WARS,-82.98778533935547,ok,True
WBP1,WBP1,-66.8256607055664,ok,True
WBP1L,WBP1L,-41.72798156738281,ok,True
WBP11,WBP11,-59.34696960449219,ok,True
WDHD1,WDHD1,-93.24812316894531,ok,True
WDR1,WDR1,-49.637596130371094,ok,True
WDR3,WDR3,-87.89229583740234,ok,True
WDR4,WDR4,-90.67039489746094,ok,True
WDR5,WDR5,-90.58477020263672,ok,True
WDR7,,,target_not_measured,False
WDR12,WDR12,-85.06926727294922,ok,True
WDR18,WDR18,-64.46043395996094,ok,True
WDR24,WDR24,-55.273887634277344,ok,True
WDR25,,,target_not_measured,False
WDR26,WDR26,-67.88200378417969,ok,True
WDR33,WDR33,-73.8334732055664,ok,True
WDR36,WDR36,-86.81459045410156,ok,True
WDR43,WDR43,-66.57837677001953,ok,True
WDR46,WDR46,-86.99576568603516,ok,True
WDR54,WDR54,-96.1995620727539,ok,True
WDR55,WDR55,-90.83058166503906,ok,True
WDR61,WDR61,-85.12593078613281,ok,True
WDR70,WDR70,-92.7796630859375,ok,True
WDR74,WDR74,-39.94326400756836,ok,True
WDR75,WDR75,-79.96621704101562,ok,True
WDR77,WDR77,-82.89167785644531,ok,True
WDR82,WDR82,-81.58246612548828,ok,True
WDR83OS,WDR83OS,-91.78347778320312,ok,True
WDR92,WDR92,-91.10649108886719,ok,True
WDTC1,WDTC1,-61.27534866333008,ok,True
WEE1,WEE1,-40.82930374145508,ok,True
WNK1,WNK1,-83.81391143798828,ok,True
WTAP,WTAP,-70.06236267089844,ok,True
XAB2,XAB2,-68.5658950805664,ok,True
XPO1,XPO1,-79.50853729248047,ok,True
XPO5,XPO5,-85.0511703491211,ok,True
XRCC1,XRCC1,-98.81661224365234,ok,True
XRCC2,XRCC2,-92.6537094116211,ok,True
XRCC3,XRCC3,-100.0,ok,True
XRCC5,XRCC5,-88.81265258789062,ok,True
XRN2,XRN2,-93.4288330078125,ok,True
YARS,YARS,-90.1212158203125,ok,True
YARS2,YARS2,-84.46973419189453,ok,True
YBX1,YBX1,-85.17426300048828,ok,True
YEATS2,YEATS2,-88.02307891845703,ok,True
YEATS4,YEATS4,-95.12238311767578,ok,True
YJEFN3,,,target_not_measured,False
YKT6,YKT6,-73.9161376953125,ok,True
YPEL1,,,target_not_measured,False
YPEL5,YPEL5,-100.0,ok,True
YRDC,YRDC,-51.188201904296875,ok,True
YTHDC1,YTHDC1,-55.799217224121094,ok,True
YY1,YY1,-31.814729690551758,ok,True
ZBTB11,ZBTB11,-69.29592895507812,ok,True
ZBTB17,ZBTB17,-85.43472290039062,ok,True
ZC3H18,ZC3H18,-81.5483169555664,ok,True
ZCCHC9,ZCCHC9,-81.11962127685547,ok,True
ZCRB1,ZCRB1,-96.171875,ok,True
ZFC3H1,ZFC3H1,-88.60050964355469,ok,True
ZFP69B,,,target_not_measured,False
ZMAT2,ZMAT2,-80.61276245117188,ok,True
ZMAT5,ZMAT5,-91.29296875,ok,True
ZNF24,ZNF24,-81.16800689697266,ok,True
ZNF100,ZNF100,-100.0,ok,True
ZNF133,,,target_not_measured,False
ZNF207,ZNF207,-46.415733337402344,ok,True
ZNF236,,,target_not_measured,False
ZNF253,,,target_not_measured,False
ZNF284,,,target_not_measured,False
ZNF317,ZNF317,-88.38318634033203,ok,True
ZNF335,ZNF335,-64.61943817138672,ok,True
ZNF407,,,target_not_measured,False
ZNF468,ZNF468,-91.75858306884766,ok,True
ZNF492,,,target_not_measured,False
ZNF506,,,target_not_measured,False
ZNF559,,,target_not_measured,False
ZNF574,ZNF574,-15.937105178833008,ok,False
ZNF658,,,target_not_measured,False
ZNF674,,,target_not_measured,False
ZNF676,,,target_not_measured,False
ZNF687,,,target_not_measured,False
ZNF718,,,target_not_measured,False
ZNF720,ZNF720,-92.17832946777344,ok,True
ZNF763,,,target_not_measured,False
ZNHIT2,ZNHIT2,-79.06158447265625,ok,True
ZNHIT3,ZNHIT3,-92.09188079833984,ok,True
ZNHIT6,ZNHIT6,-98.42184448242188,ok,True
ZNRD1,ZNRD1,-86.03142547607422,ok,True
ZRANB2,ZRANB2,-96.081298828125,ok,True
ZRSR2,ZRSR2,-70.42621612548828,ok,True
ZW10,ZW10,-85.93401336669922,ok,True
ZWINT,ZWINT,-89.23085021972656,ok,True
